流水號,文字記錄,配置,刺殺,分類,日期時間,場次,check,note,玩1,玩2,玩3,玩4,玩5,玩6,玩7,玩8,玩9,玩0,最佳,
1.0,"158
458 2+
130
467
359
ooo",840216,,模擬,2023-06-27 00:00:00,1,v,,Sirius,HAO,梅粉,池,Lori,,,,,,,
2,"147
280
134
469
456
ooo",718942,,模擬,2023-06-27 00:00:00,2,v,,HAO,梅粉,Lori,Sirius,池,,,,,,,
3,"169
278
348
489
356
ooo",278136,,模擬,2023-06-28 00:00:00,1,v,,HAO,池,Lori,Sin,海月,,,,,,,
4,"370 1+
469 2+
345
147
150
oox",240671,,模擬,2023-06-28 00:00:00,2,,,ED,HAO,Lori,海月,Sirius,,,,,,,
5,"156
280
367
479
568
oox",842961,,模擬,2023-06-28 00:00:00,3,,,軒,梅粉,TEN,Sirius,Lori,,,,,,,
6,"146
280
369
680 24+
560
oxx",320617,,模擬,2023-06-28 00:00:00,4,,,Lori,Sirius,梅粉,ED,HAO,,,,,,,
7,"127
125
690 3+
458
579
oox",210956,,模擬,2023-06-28 00:00:00,5,,,HAO,Dean,ED,軒,梅粉,,,,,,,
8,"460 1+
279
370
469
579
oxx",753921,,模擬,2023-06-29 00:00:00,1,,,ED,海月,Dean,Lori,軒,,,,,,,
9,"146
267
180 3+
147
157
ooo",309864,,模擬,2023-06-29 00:00:00,2,v,,Sirius,海月,ED,梅粉,軒,,,,,,,
10,"148
670 2+
359
146
570
ooo",268931,,模擬,2023-06-29 00:00:00,3,v,,HAO,梅粉,發達,軒,海月,,,,,,,
11,"149
268
348
134
179
ooo",580264,,模擬,2023-06-29 00:00:00,4,v,別懷疑 5外撒,Dean,Sirius,梅粉,海月,池,,,,,,,
12,"470 1+
279
236
147
579
oox
3670
1678
4780
1690
1690
ooox
0>7 o",239470,,模擬,"2023/6/30
2024/1/25",1,,,ED,Dean,梅粉,HAO,Lori,黃某人,ED,池,午夜,雪怪,,
13,"369 1+
234
349
345
357
ooo",961042,,模擬,2023-06-30 00:00:00,1,v,,池,軒,Sin,TEN,梅粉,,,,,,,
14,"570
259
678 3+
279 4+
259
ooo",648752,,模擬,2023-06-30 00:00:00,2,v,,HAO,海月,池,軒,TEN,,,,,,,
15,"167
269
135
478
159
ooo",436075,,模擬,2023-06-30 00:00:00,3,v,,TEN,Lori,海月,Sirius,池,,,,,,,
16,"147
245
379
346
159
oox
1469
1378
3469 8+
4689
1370
ooox",439705,,模擬,"2023/7/2
2024/4/17",1,,"0>5 o
0>1 o
0>3 x
[2-5]7家不出失敗",池,HAO,Sirius,梅粉,海月,池,黑羊,ED,Sin,,,
17,"180
257
345
457
257
ooo",810964,,模擬,2023-07-03 00:00:00,1,v,,HAO,Dean,梅粉,池,軒,,,,,,,
18,"257 1+
259
380
240
357
oox
2679
2790
1258
2390
2790
ooox
0>4 o",916534,,模擬,"2023/7/3
2024/5/22",1,,,HAO,池,Sirius,梅粉,TEN,Sin,Emma,池,ED,軒,,
19,"169
268
345
179 4+
357
oox",592486,,模擬,2023-07-03 00:00:00,2,,,梅粉,Sirius,軒,池,HAO,,,,,,,
20,"260 1+
147 2+
480 3+
490
159
oox
1690
4679
2890
2390 8+
2690
ooox
0>5 x",486150,,模擬,"2023/7/3
2024/4/11",1,,,ED,池,梅粉,Sirius,軒,黃某人,ED,池,HAO,Sin,,
21,"390 1+
367 2+
389
346
456
ooo",297804,,模擬,2023-07-04 00:00:00,1,v,,Dean,梅粉,池,HAO,海月,,,,,,,
22,"147
159 2+
340
189 4+
357
oox",948357,,模擬,2023-07-04 00:00:00,2,,,Lori,梅粉,海月,Dean,HAO,,,,,,,
23,"126
269
348
567 4+
125
oox",820436,,模擬,2023-07-04 00:00:00,3,,,Dean,HAO,Sirius,ED,軒,,,,,,,
24,"489 1+
246
138
146
356
oox",794312,,模擬,2023-07-04 00:00:00,4,,,HAO,Lori,梅粉,Sirius,發達,,,,,,,
25,"239 1+
890 2+
136
456
456
oox
1369
1679
2489
1679
1690
ooox
0>3 o",053827,,模擬,"2023/7/4
2024/1/27",1,,,海月,ED,梅粉,池,TEN,言言,午夜,池,TEN,熊,,
26,"467 1+
278
140 3+
560 4+
156
oox",704126,,模擬,2023-07-05 00:00:00,1,,,Dean,HAO,梅粉,ED,Lori,,,,,,,
27,"147
268
360
360 4+
170
oox",582170,,模擬,2023-07-05 00:00:00,2,,別懷疑 5外撒,池,Sirius,海月,ED,TEN,,,,,,,
28,"148
240
378
470
560
oox",745821,,模擬,2023-07-05 00:00:00,3,,不用討論的局,TEN,海月,Sirius,Lori,HAO,,,,,,,
29,"167
278
130
470
157
oox",951632,,模擬,2023-07-05 00:00:00,4,,,池,Sin,米奇,軒,尼克,,,,,,,
30,"138
256
346
459
456
ooo",032765,,模擬,2023-07-06 00:00:00,1,v,onlySin,ED,海月,HAO,Dean,Sin,,,,,,,
31,"167
234
347
249
569
oxx",610952,,模擬,2023-07-06 00:00:00,2,,,Sin,Lori,Dean,Sirius,TEN,,,,,,,
32,"128
267
350
478
245
oox",394520,,模擬,2023-07-10 00:00:00,1,,,Sin,TEN,梅粉,Lori,池,,,,,,,
33,"189
248
470 3+
137 4+
258
oox",298643,,模擬,2023-07-10 00:00:00,2,,,池,海月,TEN,梅粉,軒,,,,,,,
34,"670 1+
246
367
469
125
ooo",537821,,模擬,2023-07-10 00:00:00,3,v,1-5不出 2-5再出,海月,池,軒,UD,ED,,,,,,,
35,"129
258
378
459
125
oox",728160,,模擬,2023-07-10 00:00:00,4,,,Dean,池,Sirius,ED,HAO,,,,,,,
36,"169
120
348
458
145
oox",732491,,模擬,2023-07-10 00:00:00,5,,,池,Dean,海月,Sirius,ED,,,,,,,
37,"123
248
369
450
450
oox",235174,,模擬,2023-07-11 00:00:00,1,,,Lori,ED,Dean,TEN,池,,,,,,,
38,"145
278
360
457
245
ooo",879160,,模擬,2023-07-11 00:00:00,2,v,only,Dean,池,Lori,海月,TEN,,,,,,,
39,"137
128
379
450
450
ooo",379205,,模擬,2023-07-11 00:00:00,3,v,only,ED,Dean,池,Lori,Sirius,,,,,,,
40,"147
269
138
239 4+
590
oox",621047,,模擬,2023-07-11 00:00:00,4,,,TEN,HAO,Sirius,池,ED,,,,,,,
41,"480 1+
246
367
149
459
oox",816543,,模擬,2023-07-11 00:00:00,5,,,Lori,Sirius,Sin,ED,海月,,,,,,,
42,"370 1+
279
279 3+
124 3+
450
oxx",658043,,模擬,2023-07-11 00:00:00,6,,,海月,HAO,TEN,Dean,梅粉,,,,,,,
43,"279 1+
789 2+
123
469
157
oox",654032,,模擬,2023-07-12 00:00:00,1,,,HAO,ED,Lori,TEN,海月,,,,,,,
44,"135
679 2+
370
459
159
ooo",347012,,模擬,2023-07-12 00:00:00,2,v,only,TEN,池,Sin,海月,ED,,,,,,,
45,"379 1+
489 2+
340
280 4+
568
oox
1379 7-6+
2579
1480 6+
2579
2480
ooox
0>2 x",952784,,模擬,"2023/7/12
2024/11/16",1,,,海月,池,Sirius,ED,Sin,布叮咚瓜茶,HAO,TEN,豬豬,軒,,
46,"156
258
368
190 4+
159
oox",247953,,模擬,2023-07-12 00:00:00,3,,560梅粉,Dean,Sirius,池,ED,TEN,,,,,,,
47,"125
268
379
159 4+
145
oox",162840,,模擬,2023-07-12 00:00:00,4,,,HAO,ED,Sirius,海月,Sin,,,,,,,
48,"178 
235 
356 2+ 
148 
356 
oox
2680
1570
1468
1679
1590
ooox
0>4 o",321857,,模擬,"2023/7/13
2024/2/6",1,,,池,ED,海月,Sin,軒,池,ED,黃某人,雪怪,海月,,
49,"129
258
357
147
256
oox",457269,,模擬,2023-07-13 00:00:00,1,,,海月,ED,軒,梅粉,Sin,,,,,,,
50,"135
278
368
347
125
oxx",820194,,模擬,2023-07-13 00:00:00,2,,569池,HAO,ED,Sirius,TEN,海月,,,,,,,
51,"156
570 2+
368
149
358
oox
1680
6780
1468
4590
1450
oooo
0>5 o",823609,,模擬,"2023/7/13
2024/3/22",1,,,Sin,HAO,軒,Sirius,梅粉,HAO,池,布叮咚瓜茶,Sin,ED,,
52,"169
245
356
149
145
oox",809162,,模擬,2023-07-14 00:00:00,1,,,池,海月,HAO,軒,梅粉,,,,,,,
53,"179
467 2+
358
469 2+
579
oox
3680
1270
3560 8+
1249
1250
ooxx
0>4 o",791206,,模擬,"2023/7/14
2024/3/25",1,,,HAO,ED,Sin,TEN,軒,午夜,Sin,布叮咚瓜茶,黃某人,ED,,
54,"168
578 2+
369
569
156
589
oox",801467,,模擬,2023-07-16 00:00:00,1,,,HAO,池,海月,軒,ED,,,,,,,
55,"128
250
149 1- 3+
479 3+
159
oox",964751,,模擬,2023-07-16 00:00:00,2,,250軒,HAO,TEN,池,海月,發達,,,,,,,
56,"179
580 2+
235
145
156
oox
4680
1789
2358
3589
4680
ooxx
0>5 o",320684,,模擬,"2023/7/17
2024/4/7",1,,,HAO,池,海月,Dean,TEN,黑羊,ED,黃某人,HAO,池,,
57,"570 1+
268
340
470
560
ooo",987251,,模擬,2023-07-17 00:00:00,1,v,only,池,Sin,軒,TEN,Sirius,,,,,,,
58,"178
258
156 3+
148
156
oox",360724,,模擬,2023-07-18 00:00:00,1,,,HAO,海月,池,梅粉,ED,,,,,,,
59,"135
267
460 3+
234
590
ooo",836750,,模擬,2023-07-19 00:00:00,1,v,only,HAO,池,ED,TEN,海月,,,,,,,
60,"148
234
378
178 4+
250
oox",067812,,模擬,2023-07-19 00:00:00,2,,,梅粉,HAO,Sirius,池,尼克,,,,,,,
61,"147
590 2+
345
358 4+
159
oox
3468
1478
3489
3489
1480
ooox
0>4 x",841752,,模擬,2023-07-19 00:00:00,3,,,TEN,ED,海月,Dean,Sin,布叮咚瓜茶,Ober,黃某人,Sin,ED,,
62,"190
257
140 3+
349
150
oox",796523,,模擬,2023-07-20 00:00:00,1,,,池,海月,HAO,梅粉,TEN,,,,,,,
63,"189
248
340
346
456
oox
6890
4670
3680
1690
3680
ooox
0>4 o",867923,,模擬,"2023/7/20
2024/4/4",1,,"450TEN

1690 ooox 0>4呂安
1690 ooox 0>3TEN
4670 ooox 0>4JOY
3480 ooox 0>4Dean",池,Sirius,軒,梅粉,ED,池,ED,黃某人,Sin,軒,,
64,"169
230
135
490
259
oox",847536,,模擬,2023-07-23 00:00:00,1,,,池,海月,Dean,梅粉,Sirius,,,,,,,
65,"179
248
236
169 4+
256
oox",796483,,模擬,2023-07-23 00:00:00,2,,235Sin,HAO,ED,梅粉,池,TEN,,,,,,,
66,"123
267
349
490
568 
oox",782104,,模擬,2023-07-23 00:00:00,3,,,池,HAO,Sirius,軒,海月,,,,,,,
67,"139
290
268 3+
478
259
oox
2670
5670
4580
4890
5680
ooox
0>8 x",238109,,模擬,"2023/7/24
2024/4/5",1,,"459Sirius
457尼克

4580 ooox 0>5 o ED",Sin,海月,池,梅粉,軒,轆,軒,黑羊,黃某人,池,,
68,"179
237
356
460
350
oox",940257,,模擬,2023-07-24 00:00:00,1,,001,梅粉,Sirius,Dean,Sin,池,,,,,,,
69,"137
278
390
450
258 
ooo",064952,,模擬,2023-07-24 00:00:00,2,v,only,梅粉,Sirius,Dean,Sin,池,,,,,,,
70,"179
260
345
458
458
ooo",297608,,模擬,2023-07-25 00:00:00,1,v,only,梅粉,Sirius,Dean,Sin,池,,,,,,,
71,"138
236
359
170 4+
568
oox",236940,,模擬,2023-07-26 00:00:00,1,,,Sirius,Lori,池,TEN,海月,,,,,,,
72,"145
234
380
459
157
oox",123078,,模擬,2023-07-26 00:00:00,2,,,Dean,HAO,ED,軒,Lori,,,,,,,
73,"148
256
359
469
158
oox
2689
1379
2468
3468 9+
2460
ooox
0>4 o",928741,,模擬,"2023/7/27
2024/5/8",1,,"156TEN

1460Dean",Lori,Sin,梅粉,Sirius,池,貝沙,Sin,池,黃某人,布叮咚瓜茶,,
74,"478 1+
289
348
456
145
oox",417938,,模擬,2023-07-28 00:00:00,1,,,Dean,TEN,Lori,池,海月,,,,,,,
75,"127
259
356
248
158
ooo",249063,,模擬,2023-07-28 00:00:00,2,v,,Sin,Sirius,TEN,Lori,池,,,,,,,
76,"168
267
356
489
569
oox
2367
2367
1489
4790
3670
ooox
0>3 o",286453,,模擬,"2023/7/28
2024/1/7",1,,,HAO,TEN,Lori,池,Dean,布叮咚瓜茶,Cameron,黑羊,HAO,Dean,,
77,"369 1+
267
139
145
158
oox",729140,,模擬,2023-07-29 00:00:00,1,,010,HAO,Sirius,梅粉,Dean,TEN,,,,,,,
78,"135
269
358
490
250
oxx",049567,,模擬,2023-07-30 00:00:00,1,,,HAO,梅粉,TEN,Dean,海月,,,,,,,
79,"160
279
367
470
457
oox",746830,,模擬,2023-07-30 00:00:00,2,,,Dean,Sin,黑羊,梅粉,海月,,,,,,,
80,"179
245
340
458
259
oox",193870,,模擬,2023-07-30 00:00:00,3,,,Sin,池,梅粉,Sirius,海月,,,,,,,
81,"126
123
379
260 4+
578
oox",780692,,模擬,2023-07-30 00:00:00,4,,014,梅粉,Sin,Sirius,池,海月,,,,,,,
82,"169
589 2+
589 23+
580  24+
259
oox",671924,,模擬,2023-07-31 00:00:00,1,,-,梅粉,池,ED,HAO,海月,,,,,,,
83,"156
257
389
459
358
oox",579103,,模擬,2023-07-31 00:00:00,2,,016,黑羊,Sirius,Sin,TEN,HAO,,,,,,,
84,"369 1+
238 1+
378 1+
890 4+
358
oox
4689
2780
2890
2890
4890
ooxx
0>3 o",564983,,模擬,"2023/8/1
2024/5/31",1,,2380豬豬,軒,Sirius,TEN,池,黑羊,軒,Sin,彥呈,池,Emma,,
85,"148
256
347
379 4+
156
oox",016283,,模擬,2023-08-01 00:00:00,1,,,Sirius,黑羊,TEN,Sin,海月,,,,,,,
86,"268 1+
249
345
150 4+
359
oox",873415,,模擬,2023-08-01 00:00:00,2,,156海月,池,Lori,Sirius,Dean,軒,,,,,,,
87,"158
267
380
249
589
oox
4690
1790
1780
2490
1570
ooox
0>3 x",382796,,模擬,"2023/8/1
2024/4/10",1,,"020

[多重9]3790 午夜
[多重0]1780 ooox 0>5 o黑羊",Lori,TEN,Sin,池,Sirius,黃某人,ED,池,軒,海月,,
88,"579 1+
278
345
458
135
oox
3468
2790
1250 8+
5890
2570
oooo
0>5 o",302651.0,,模擬,"2023/8/2
2025/1/9",1,,,海月,梅粉,黑羊,Lori,Sin,軒,布叮咚瓜茶,ED,Dean,池,,
89,"149
247
569 3+
189 4+
159
oox",064591,,模擬,2023-08-02 00:00:00,1,,,Sirius,Lori,HAO,黑羊,尼克,,,,,,,
90,"470 1+
268
890 3+
490 3+
158
oox",382971,,模擬,2023-08-02 00:00:00,2,,,Dean,Sirius,Lori,TEN,海月,,,,,,,
91,"389 1+
236
489 13+
458
589
ooo",375624,,模擬,2023-08-02 00:00:00,3,v,only,海月,Sin,Sirius,黑羊,HAO,,,,,,,
92,"689 1+
148 2+
359
456
568
ooo",413268,,模擬,2023-08-02 00:00:00,4,v,025,HAO,Dean,池,梅粉,Sirius,,,,,,,
93,"127
259
370
456
456
oox",943627,,模擬,2023-08-03 00:00:00,1,,150Sin,HAO,軒,黑羊,池,海月,,,,,,,
94,"678 1+
230
348
468 3+
456
oox",984105,,模擬,2023-08-03 00:00:00,2,,,軒,Lori,HAO,Dean,海月,,,,,,,
95,"145
259
235 2-
148
567
ooo",134052,,模擬,2023-08-03 00:00:00,3,v,,Lori,軒,Sirius,TEN,海月,,,,,,,
96,"128
246
139
478
157
oox",069753,,模擬,2023-08-03 00:00:00,4,,,Dean,Sirius,Sin,Lori,TEN,,,,,,,
97,"679 1+
237
359
240
356
oox",594728,,模擬,2023-08-03 00:00:00,5,,,池,HAO,Dean,Lori,海月,,,,,,,
98,"167
247
135
470
570
oox",041639,,模擬,2023-08-03 00:00:00,6,,"030
159 oox海月",池,軒,黑羊,Sin,TEN,,,,,,,
99,"378 1+
270
356
157 4+
158
oox",810429,,模擬,2023-08-03 00:00:00,7,,,海月,Sirius,軒,Dean,黑羊,,,,,,,
100,"369 1+
238 1+
369 1+
489
258
oox",041279,,模擬,2023-08-04 00:00:00,1,,,軒,梅粉,Lori,Sin,海月,,,,,,,
101,"458 1+
236
359
345
125
oox",605271,,模擬,2023-08-04 00:00:00,2,,,Lori,Sin,Sirius,米奇,HAO,,,,,,,
102,"190
237
689 3+
456
259
oox
3689
4790
2480
1489
2680
ooox
0>4 x",274163,,模擬,"2023/8/4
2024/9/5",1,,"589Lori
569Sin

第三局，0家要在2過",黑羊,軒,池,Dean,TEN,軒,Sin,Emma,毛爸,布叮咚瓜茶,,
103,"570 1+
238
370
458
457
oox",135674,,模擬,2023-08-04 00:00:00,3,,035,池,TEN,Sin,Sirius,海月,,,,,,,
104,"156
267
135
249
359
oox",,,模擬,2023-08-04 00:00:00,5.0,,"036，8:09發牌沒後續
池忘記配置了",池,TEN,Dean,Sirius,梅粉,,,,,,,
105,"169
234
379
147
245
oox",402516,,模擬,2023-08-06 00:00:00,1,,,池,HAO,梅粉,海月,黑羊,,,,,,,
106,"358 1+
125
370
149
158
oox",180243,,模擬,2023-08-07 00:00:00,1,,,海月,軒,TEN,池,Dean,,,,,,,
107,"178
270
367
458
257
oox
4568
1379
1480
4589
4590
ooox
0>4 o",206873,,模擬,"2023/8/7
2024/9/14",1,,,池,Lori,HAO,Sirius,海月,黑羊,Emma,池,午夜,布叮咚瓜茶,,
108,"369 1+
289 1+
368 1+
570 4+5-
569
ooo",713059,,模擬,2023-08-07 00:00:00,2,v,040,HAO,Sin,池,軒,海月,,,,,,,
109,"580 1+
128
370
458
458
oox",120479,,模擬,2023-08-08 00:00:00,1,,,Lori,軒,海月,尼克,Sin,,,,,,,
110,"678 1+
289
349
457
560
oox",719032,,模擬,2023-08-08 00:00:00,2,,258Sin,Lori,黑羊,TEN,尼克,海月,,,,,,,
111,"169
236
389
369 4+
138
ooo",570613,,模擬,2023-08-08 00:00:00,3,v,池沒看牌想給全好,海月,黑羊,Sirius,HAO,池,,,,,,,
112,"479 1+
234
279 3+
245
258
oox
4680
2379
1468
2490
2390
ooox
0>2 o",569403,,模擬,"2023/8/8
2024/3/26",1,,3490 ooxx 0>8 oTEN,海月,HAO,Lori,Sirius,池,Dean,黃某人,Sin,池,ED,,
113,"460 1+
289
136
458
156
ooo",280935,,模擬,2023-08-09 00:00:00,1,v,045,海月,TEN,Dean,Lori,Sin,,,,,,,
114,"470 1+
120
369
140
157
oox",680519,,模擬,2023-08-09 00:00:00,2,,,TEN,Lori,軒,Sirius,海月,,,,,,,
115,"149
268
379
470
457
oox",094186,,模擬,2023-08-09 00:00:00,3,,,HAO,Sin,軒,Sirius,海月,,,,,,,
116,"158
247
138
257 4+ 2-
456
oox
3678
2578
2368
2790
2680
ooxx
0>5 o",813629,,模擬,"2023/8/9
2024/6/27",1,,"1280 ooox 0>5 o貝沙
2680 ooxx 0>4 o阿寶",HAO,池,黑羊,軒,海月,池,軒,彥呈,布叮咚瓜茶,ED,,
117,"360 1+
237
379
470
235
oox",720431,,模擬,2023-08-10 00:00:00,1,,,Lori,HAO,池,TEN,海月,,,,,,,
118,"129
258
378
458
357
oox
3469
4789
2580
2349
2580
ooxx
0>4 o",704296,,模擬,"2023/8/10
2024/5/24",1,,,HAO,池,Lori,TEN,海月,池,嚇到吃手手,Emma,ED,Sin,,
119,"189
234
345
456
159
ooo",672451,,模擬,2023-08-10 00:00:00,2,v,"都派過
158Dean
580信子",Sirius,Lori,軒,TEN,海月,,,,,,,
120,"167
248
136
156 4+
356
ooo",287563,,模擬,2023-08-10 00:00:00,3,v,第一局不出,Sin,TEN,信子,軒,海月,,,,,,,
121,"138
278
380 12+
249 2-
580
oox",039267,,模擬,2023-08-10 00:00:00,4,,,Sin,軒,信子,Sirius,海月,,,,,,,
122,"148
256
235
478
567
oox",167308,,模擬,2023-08-11 00:00:00,1,,,Lori,TEN,信子,池,海月,,,,,,,
123,"160
237
235
469
350
oox
160
237
235
469
350
oox
5678
2378
2568
2349
2680
ooox
0>2 o",190472,,模擬,"2023/8/11
2024/4/19",1,,,Sin,Lori,Dean,Sirius,海月,HAO,黃某人,嚇到吃手手,大家都很乖,,,
124,"168
126
389
246
568
oox",278051,,模擬,2023-08-11 00:00:00,2,,,Dean,HAO,池,軒,Lori,,,,,,,
125,"169
267
237
490
257
oox",739286,,模擬,2023-08-11 00:00:00,3,,,池,軒,Lori,海月,Sin,,,,,,,
126,"126
257
370 2+
156 4+
456
ooo",780364,,模擬,2023-08-11 00:00:00,4,v,"都派過
145Dean
156TEN、小背包",Sirius,池,海月,ED,Sin,,,,,,,
127,"468 1+
123
389
468 1+
580
oxx",148053,,模擬,2023-08-12 00:00:00,1,,569海月,Sirius,池,Sin,軒,ED,,,,,,,
128,"569 1+
258
238
456
156
oxx",913672,,模擬,2023-08-13 00:00:00,1,,,池,Sirius,信子,TEN,Sin,,,,,,,
129,"156
269
359
458
568
oox",189732.0,,模擬,2023-08-14 00:00:00,1,,,Dean,Sin,HAO,TEN,Lori,,,,,,,
130,"358 1+
125
367
140
145
oox",843712,,模擬,2023-08-14 00:00:00,2,,256海月,Lori,Sirius,TEN,ED,HAO,,,,,,,
131,"147
269
357
147
157
ooo",026813,,模擬,2023-08-14 00:00:00,3,v,only,池,Sin,Sirius,海月,TEN,,,,,,,
132,"278 1+
126
346
145
145
oox",016937,,模擬,2023-08-14 00:00:00,4,,,Lori,海月,Sirius,Dean,Sin,,,,,,,
133,"138
278
349
458
145
oox",270438,,模擬,2023-08-14 00:00:00,5,,359Sin,Dean,池,Sirius,海月,HAO,,,,,,,
134,"169
268
130
160 4+
157
oxx",927158,,模擬,2023-08-16 00:00:00,1,,,Sin,Sirius,Lori,HAO,海月,,,,,,,
135,"135
247
379
457
258
ooo",428137,,模擬,2023-08-16 00:00:00,2,v,1-5不出,HAO,TEN,Sirius,軒,Lori,,,,,,,
136,"126
268
156 3+
478
356
oox",439260,,模擬,2023-08-16 00:00:00,3,,156ED,Sin,HAO,Dean,Sirius,池,,,,,,,
137,"137
259
379
489
459
oox",683501,,模擬,2023-08-16 00:00:00,4,,,Dean,軒,Sin,池,小背包,,,,,,,
138,"129
270
369
458
580
ooo",943615,,模擬,2023-08-17 00:00:00,1,v,,Sin,Sirius,TEN,Dean,海月,,,,,,,
139,"179
278
340
149
459
oox
3460
1379
2480
1390
2480
ooox
0>4 o",128956,,模擬,"2023/8/17
2024/5/9",1,v,"158 D
570 月

3470 Emma",HAO,信子,Sin,尼克,池,小余,池,Sin,黃某人,ED,,
140,"127
257
359
479
159
oox",347961,,模擬,2023-08-18 00:00:00,1,,,可可,Dean,Sirius,TEN,Sin,,,,,,,
141,"478 1+
456 2+
358
345
578
oox",620847,,模擬,2023-08-18 00:00:00,2,,,黑羊,池,軒,Alan,TEN,,,,,,,
142,"150
269
135
140
150
oox",230841,,模擬,2023-08-18 00:00:00,3,,,Alan,Sirius,池,TEN,小背包,,,,,,,
143,"149
235
356
348
359
ooo",280163,,模擬,2023-08-19 00:00:00,1,v,only海月,Sirius,池,Sin,黑羊,海月,,,,,,,
144,"169
237
350
127 4+
359
ooo",401728,,模擬,2023-08-20 00:00:00,1,v,onlyTEN,HAO,Mike,Alan,Sin,TEN,,,,,,,
145,"470 1+
245
245 3+
147
456
oox",806932,,模擬,2023-08-20 00:00:00,2,,245黑羊,海月,Sin,ED,Mike,TEN,,,,,,,
146,"138
236
380
567 4+
358
oox",813960,,模擬,2023-08-21 00:00:00,1,,,Dean,黑羊,Lori,ED,Mike,,,,,,,
147,"126
235
348
368 4+
235
oox
1680
1670
2568
4590
3460
ooxx
0>5 o",973682,,模擬,"2023/8/21
2024/4/10",1,,,Dean,Mike,黑羊,TEN,海月,Sin,軒,布叮咚瓜茶,HAO,海月,,
148,"369 1+
247
378
480
458 
oox",935728,,模擬,2023-08-21 00:00:00,2,,,黑羊,Mike,豬羊,TEN,海月,,,,,,,
149,"147
234
347
458
145
oox",713942,,模擬,2023-08-21 00:00:00,3,,,Dean,尼克,莊鈞翔,黑羊,海月,,,,,,,
150,"120
230
360
120 4+
350
oox",062798,,模擬,2023-08-21 00:00:00,4,,,Sin,池,Dean,HAO,TEN,,,,,,,
151,"145
259
356
458
256
ooo",039856,,模擬,2023-08-21 00:00:00,5,v,only,HAO,小背包,Dean,Sin,海月,,,,,,,
152,"159
279
368
345
145
ooo",209685,,模擬,2023-08-22 00:00:00,1,v,458皓,TEN,Lori,池,Dean,海月,,,,,,,
153,"135
234
356 1+
678 4+
156
oox",036178,,模擬,2023-08-22 00:00:00,2,,,HAO,Lori,TEN,池,黑羊,,,,,,,
154,"167
236
137
459
256
oox",267043,,模擬,2023-08-22 00:00:00,3,,,Sin,小背包,信子,池,Mike,,,,,,,
155,"468 1+
149 2+ 4-
378
458
458
oox",498162,,模擬,2023-08-22 00:00:00,4,,,Lori,Alan,池,Dean,Mike,,,,,,,
156,"169
249
345
689 4+
589
oox",874321,,模擬,2023-08-22 00:00:00,5,,159海月,池,黑羊,莊鈞翔,Lori,TEN,,,,,,,
157,"158
270
357
458
357
oox",938207,,模擬,2023-08-22 00:00:00,6,,,小背包,Mike,ED,TEN,海月,,,,,,,
158,"178
289
157 3+
160 4+
135
oox",769582,,模擬,2023-08-23 00:00:00,1,,,Sin,軒,黑羊,ED,海月,,,,,,,
159,"136
239
389
469
358
oox",473890,,模擬,2023-08-23 00:00:00,2,,125海月,Sin,軒,小背包,Lori,池,,,,,,,
160,"156
469 2+
379
245
257
oox",792046,,模擬,2023-08-23 00:00:00,3,,,Lori,ED,TEN,Sin,海月,,,,,,,
161,"190
279
235
167 4+
159
oox",728950,,模擬,2023-08-23 00:00:00,4,,,Lori,HAO,軒,池,海月,,,,,,,
162,"148
246
358
148
358
oox",364257,,模擬,2023-08-23 00:00:00,5,,,軒,黑羊,Sirius,TEN,Sin,,,,,,,
163,"125
269
367
345
235
oox
5690
1379
2689
3569
5690
oooo
0>5 o",123796,,模擬,"2023/8/24
2024/5/17",1,,"5790 ooox Vash
3450 ooox 0>4 o 呂安",黑羊,Dean,信子,池,海月,黃某人,ED,梅粉,Emma,小余,,
164,"123
258
368
470
145
oox",928437,,模擬,2023-08-24 00:00:00,1,,357海月,Alan,TEN,Sin,池,軒,,,,,,,
165,"169
239
259 3+
345
356
oxx",628379,,模擬,2023-08-24 00:00:00,2,,,Sin,黑羊,HAO,Dean,海月,,,,,,,
166,"147
125
345
479
125
oox",028354,,模擬,2023-08-25 00:00:00,1,,159海月,Sin,Lori,池,黑羊,Dean,,,,,,,
167,"580 1+
235
359
478
258
oox",768045,,模擬,2023-08-25 00:00:00,2,,,軒,HAO,TEN,Lori,海月,,,,,,,
168,"257 1+
157 2+
123
345
125
ooo",608792,,模擬,2023-08-25 00:00:00,3,v,only,海月,Dean,池,Alan,Sin,,,,,,,
169,"123
127
138
567 4+
345
oox",831479,,模擬,2023-08-26 00:00:00,1,,,Alan,軒,Dean,Sin,海月,,,,,,,
170,"148
269
380
256 4+
259
oox
1460
2780
2480
1790
3460
oooo
0>4 o",718903,,模擬,"2023/8/28
2024/3/27",1,,"456Sin
256海月",軒,TEN,小背包,池,米奇,黃某人,海月,ED,Ray,JOY,,
171,"148
247
378
147
159
oox",683542.0,,模擬,2023-08-29 00:00:00,1,,,可可,JOY,TEN,Dean,海月,,,,,,,
172,"189
257
345
456
450
ooo",912874,,模擬,2023-08-29 00:00:00,2,v,only,黑羊,大星,Dean,Sirius,TEN,,,,,,,
173,"145
259
379
157 4+
145
oox",740269,,模擬,2023-08-29 00:00:00,3,,,Dean,海月,大星,TEN,軒,,,,,,,
174,"238 1+
389 2+
129 3+
457
589
oox",392847,,模擬,2023-08-30 00:00:00,1,,,海月,Dean,HAO,黑羊,Lori,,,,,,,
175,"170
269
345
345
157
oox",526931,,模擬,2023-08-30 00:00:00,2,,,Dean,HAO,TEN,Sin,軒,,,,,,,
176,"158
235
390
145
125
ooo",680942,,模擬,2023-08-30 00:00:00,3,v,only,軒,小背包,Dean,Lori,Sin,,,,,,,
177,"127
256
370
148
158
oox",246837,,模擬,2023-08-30 00:00:00,4,,,Sin,池,Dean,TEN,Alan,,,,,,,
178,"379 1+
245
560 3+
456 3+
458
ooo",719403,,模擬,2023-08-30 00:00:00,5,v,4藏車,Dean,HAO,ED,軒,Sin,,,,,,,
179,"389 1+
456 2+
680 3+
245
356
oxx",205681,,模擬,2023-08-31 00:00:00,1,,,Dean,池,ED,HAO,海月,,,,,,,
180,"156
269
390
234
357
oox
2690
1679
1348
1390
1260
ooxx
0>3 o",279643,,模擬,"2023/8/31
2024/3/28",1,,,池,小背包,ED,Sirius,海月,黃某人,貝沙,ED,TEN,海月,,
181,"189
260
370
458
256
oox
6789
2370
2480
1890
2480
oooo
0>8 o",617923,,模擬,"2023/9/1
2024/3/28",1,,,池,海月,Sirius,Lori,JOY,Ray,黃某人,池,貝沙,ED,,
182,"148
570 2+
360
145
250
oox
1469
1570
1480
3579
1570
ooox
0>5 o",803612,,模擬,"2023/9/1
2024/5/17",1,,,Lori,ED,JOY,TEN,小背包,黃某人,池,洋蔥,ED,Sin,,
183,"134
249
370
148
159
oox
4680
3479
4689
1379
3450
ooox
0>4 x",624981,,模擬,"2023/9/1
2024/5/16",1,,,Alan,小背包,ED,海月,Sin,布叮咚瓜茶,池,軒,黃某人,ED,,
184,"159
238
136
470
159
oox",917358,,模擬,2023-09-01 00:00:00,1,,,海月,TEN,ED,Dean,Sin,,,,,,,
185,"178
256
480 3+
146
145
ooo",967381,,模擬,2023-09-03 00:00:00,1,v,only,池,Sin,ED,Dean,HAO,,,,,,,
186,"167
247
456 3+
149
145
oox",901253,,模擬,2023-09-04 00:00:00,1,,,池,Sin,ED,HAO,海月,,,,,,,
187,"569 1+
235
239
348
235 
oox",438256,,模擬,2023-09-04 00:00:00,2,,,小背包,Sin,ED,Dean,黑羊,,,,,,,
188,"148
258
347
170 34+
150
oox
5680
1247
2689
4689
1260
ooox
0>3 o
1367
1238
2368
4560
2568
ooox",281904,,模擬,"2023/9/5
2024/9/12",1,,[3-5]毛爸代打,TEN,JOY,黑羊,池,Sin,豬豬,Ray,布叮咚瓜茶,軒,Dean,,
189,"168
280
360
146
456
oox",487359,,模擬,2023-09-06 00:00:00,1,,,豬羊,黑羊,TEN,尼克,Sin,,,,,,,
190,"180
256
256 3+
258 4+
258
ooo",716954,,模擬,2023-09-06 00:00:00,2,v,都派過,黑羊,Dean,Mike,池,Sin,,,,,,,
191,"389 1+ 
234
139 
458
458
ooo",673108,,模擬,2023-09-06 00:00:00,3,v,only,池,小背包,Dean,HAO,Sin,,,,,,,
192,"147
267 1+
360
246 1+
560
oox",296183,,模擬,2023-09-07 00:00:00,1,,,池,TEN,Dean,尼克,Sin,,,,,,,
193,"157
259
378
478 1+
235
oox",602934,,模擬,2023-09-07 00:00:00,2,,,池,Sirius,ED,尼克,Sin,,,,,,,
194,"145
479 2+
137
147
579
oox",804721,,模擬,2023-09-08 00:00:00,1,,,Sin,池,ED,豬羊,Sirius,,,,,,,
195,"157
278
349
345
356
ooo",879053,,模擬,2023-09-08 00:00:00,2,v,only,小背包,TEN,HAO,Sin,海月,,,,,,,
196,"139
235
470 3+
490 3+
259
oox",458617,,模擬,2023-09-08 00:00:00,3,,,Sin,池,ED,尼克,HAO,,,,,,,
197,"148 4-
260
470 3+
340
450
oox
2469
1346 7-
1589
1349
2670
ooox
0>3 x",164375,,模擬,"2023/9/11
2024/4/4",1,,,Lori,TEN,池,ED,Sin,布叮咚瓜茶,HAO,池,TEN,軒,,
198,"147
250
689 3+
146
145
ooo",637051,,模擬,2023-09-11 00:00:00,1,v,only,TEN,軒,池,Sin,Dean,,,,,,,
199,"123 3-
489 2+
369
369 4+
359
oox
2680
3470
3480
4690 6-
2560
ooox
0>5 o",946751,,模擬,"2023/9/12
2024/4/17",1,,,TEN,Dean,HAO,Sin,海月,池,軒,HAO,Sin,ED,,
200,"167
589 2+
359
456
569
oox",014653,,模擬,2023-09-12 00:00:00,1,,,Sin,池,尼克,ED,TEN,,,,,,,
201,"147
249
360
478
158
ooo",479268,,模擬,2023-09-13 00:00:00,1,v,only,池,小背包,TEN,Dean,Sin,,,,,,,
202,"479 1+
234
369
347
359
oox",850621,,模擬,2023-09-13 00:00:00,2,,,池,Sin,TEN,Sirius,軒,,,,,,,
203,"178
249
358
149 2+
358
oox",693270,,模擬,2023-09-14 00:00:00,1,,157Dean,池,Sin,軒,HAO,海月,,,,,,,
204,"168
248
379
467
258
oox",472951,,模擬,2023-09-14 00:00:00,2,,,Sin,軒,TEN,尼克,黑羊,,,,,,,
205,"178
290
357
456
456
oox",476319,,模擬,2023-09-14 00:00:00,3,,,池,TEN,Sirius,Dean,Sin,,,,,,,
206,"149
290 3+
190 23+
290 34+
157
oox",157462,,模擬,2023-09-15 00:00:00,1,,,池,Lori,HAO,Dean,Sin,,,,,,,
207,"268 1+
580 2+
350
470
350
oox",956478,,模擬,2023-09-15 00:00:00,2,,,HAO,池,軒,Sin,TEN,,,,,,,
208,"169
289
237
468
156
oox",126734,,模擬,2023-09-15 00:00:00,3,,,TEN,Sin,ED,尼克,海月,,,,,,,
209,"127
278
570 3+
345
358
oox",043257,,模擬,2023-09-15 00:00:00,4,,,小背包,黑羊,ED,HAO,池,,,,,,,
210,"168
245
580 3+
247
245
oox
2680
1678
1358
5890
4680
ooxx
0>3 o",742091,,模擬,"2023/9/18
2024/4/13",1,v,"358海月

3580 ooox 0>4 o黑羊
1780 ooxx 0>5 o貝沙",軒,Sin,池,Dean,HAO,Sin,軒,ED,午夜,池,,
211,"167
123
369
149
359
oox",498120,,模擬,2023-09-19 00:00:00,1,,,池,Sin,Dean,TEN,HAO,,,,,,,
212,"136
259
367
458
158
oox",913780,,模擬,2023-09-19 00:00:00,2,,,Sin,TEN,小背包,Dean,黑羊,,,,,,,
213,"790 1+
569 2+
130
389 4+
569 
oox",340978,,模擬,2023-09-20 00:00:00,1,,,海月,池,Sin,Dean,軒,,,,,,,
214,"168
238
145 3+
359 4+
345
oox
1568
2358 7+
1568
2579
1250
ooxx
0>4 o",324016,,模擬,"2023/9/20
2024/9/23",1,,,小背包,HAO,ED,池,Sin,軒,ED,小背包,Sin,布叮咚瓜茶,,
215,"169
348 2+
356
189 4+
567
oox",416037,,模擬,2023-09-20 00:00:00,2,v,358海月,軒,TEN,Sin,HAO,池,,,,,,,
216,"169
236
235
589 14+
258
oox",023891,,模擬,2023-09-20 00:00:00,3,,580ED,HAO,海月,Sin,黑羊,Dean,,,,,,,
217,"179
567 2+
139
247
560
oox",406291,,模擬,2023-09-21 00:00:00,1,v,256海月,軒,池,HAO,Dean,TEN,,,,,,,
218,"189
269
347
357 4+
150
oox",261487,,模擬,2023-09-21 00:00:00,2,,,Dean,軒,HAO,Sin,海月,,,,,,,
219,"780 1+
127
358 
345
358 
oox
1268
2349 7-
2680
2890
2680
oooo
0>2 o",973148,,模擬,"2023/9/21
2024/5/14",1,,"2380 ooox 0>2 o 午夜
1260 ooox 0>5 o 布叮咚瓜茶
1570 ooxx 0>4 o Sin
1270 ooxx 0>8 o 池",池,海月,黑羊,Sin,TEN,嚇到吃手手,HAO,軒,海月,小余,,
220,"190
249
690 13+
246
450
oox
2468
1479
2468
1790
1790
ooox
0>3 o",786521,,模擬,"2023/9/21
2024/10/30",1,,"1490 ooooDean
1250 ooox池",JOY,黑羊,Sirius,Sin,海月,軒,Sin,豬豬,TEN,ED,,
221,"890 1+
279 
267 3-
169 4+
135
oox",973485,,模擬,2023-09-22 00:00:00,1,,,黑羊,Sirius,HAO,池,海月,,,,,,,
222,"126
248
230
489
159
oox",186459,,模擬,2023-09-22 00:00:00,2,,,Dean,Sirius,HAO,TEN,海月,,,,,,,
223,"789 1+
256
178 3+
245
245 
ooo",617583,,模擬,2023-09-22 00:00:00,3,v,1-5不出,小背包,Dean,黑羊,TEN,Sin,,,,,,,
224,"380
267
360
148
560 
oox",628491,,模擬,2023-09-22 00:00:00,4,,,Dean,Sin,黑羊,海月,TEN,,,,,,,
225,"169
579 2+
670 3+
237 4+
259
ooo",801452,,模擬,2023-09-23 00:00:00,1,v,only,HAO,ED,池,Dean,海月,,,,,,,
226,"167
270
236
236 4+
580 
oox",793824,,模擬,2023-09-25 00:00:00,1,,,黑羊,軒,小背包,Sin,海月,,,,,,,
227,"167
289
137
347
258
oox",127084,,模擬,2023-09-27 00:00:00,1,,568布叮咚瓜茶,Lori,池,信子,Sirius,Sin,,,,,,,
228,"169
567 2+
370
480
259 
oox",273861,,模擬,2023-09-27 00:00:00,2,,,池,ED,海月,TEN,雪怪,,,,,,,
229,"178
268
347
456
357 
oox",789256,,模擬,2023-09-27 00:00:00,3,,,池,ED,雪怪,TEN,黑羊,,,,,,,
230,"138
450 2+
680 3+
459 2+
245
oox
3469
2790
5789 7-
1358 9+
2450
ooxx
0>5?
1589 58-0+
1259 15-70+
3489 8-0+
3489 8-0+
1589
ooox",064158,,模擬,"2023/9/27
2024/4/23",1,,"[3-3]海月代打
[3-4]JOY代打",Dean,ED,池,HAO,Sin,嚇到吃手手,池,黃某人,布叮咚瓜茶,午夜,,
231,"167
470 2+
138
147
356
oox",901564,,模擬,2023-09-28 00:00:00,1,,,Dean,ED,雪怪,Sin,海月,,,,,,,
232,"145
289
369
248
589
oox
1670
1357
1678
1479
5890
ooxx
0>3 o",379041,,模擬,"2023/9/28
2024/10/17",1,,156JOY,Dean,軒,TEN,黑羊,JOY,豬豬,軒,EnRs,Sin,TEN,,
233,"479 1+
237
127 3+
489
459
oox
2346
1257
1789
2379
2790
ooox
0>9 o",321498,,模擬,"2023/10/3
2024/5/21",1,,,海月,Sin,Dean,池,軒,ED,Emma,黃某人,Sin,池,,
234,"147
259
357
478
259
oox",147926,,模擬,2023-10-03 00:00:00,1,,,Dean,軒,TEN,雪怪,Sin,,,,,,,
235,"159
289
367
459
357
ooo",246895,,模擬,2023-10-04 00:00:00,1,v,579雪怪猛男派票,Dean,Sin,池,TEN,海月,,,,,,,
236,"148
260
378
158 4+
145
oox",401236,,模擬,2023-10-05 00:00:00,1,,,小背包,Sin,TEN,Sirius,Dean,,,,,,,
237,"148
278
389
146
570
oox",073961,,模擬,2023-10-06 00:00:00,1,,,TEN,小背包,Dean,Sin,海月,,,,,,,
238,"267 1+
239
390
360 4+
350
oox",049782,,模擬,2023-10-07 00:00:00,1,,256池,HAO,海月,Sin,軒,Dean,,,,,,,
239,"123 2-
460 2+
347 2+
456 2+
450
ooo",169325,,模擬,2023-10-07 00:00:00,2,v,only,黑羊,ED,HAO,Dean,TEN,,,,,,,
240,"148
258
139
147
578 
oox",618920,,模擬,2023-10-08 00:00:00,1,,,池,ED,軒,Sin,海月,,,,,,,
241,"179
238
368
149
459
oox
3560
1450 7+
3890
2890
3690
oooo
0>3 o",124805,,模擬,"2023/10/9
2024/4/9",1,,,HAO,ED,池,Sin,海月,池,ED,Dean,布叮咚瓜茶,HAO,,
242,"149
267
380
450
580
oox
1679
5679
1269 8+
5679
1690
ooox
0>5 o",981734,,模擬,"2023/10/11
2024/8/26",1,,,HAO,ED,海月,毛爸,Dean,豬豬,軒,黃某人,梅粉,fancy,,
243,"169
456 2+
379
247
135
oox",809346,,模擬,2023-10-11 00:00:00,1,,,黑羊,ED,Sin,池,雪怪,,,,,,,
244,"126
590 2+
369
678 4+
156 
oox",906235,,模擬,2023-10-12 00:00:00,1,,,雪怪,ED,Dean,瑞,海月,,,,,,,
245,"148
259
137
450
569
oox",980357,,模擬,2023-10-12 00:00:00,2,,569池,Dean,毛爸,雪怪,TEN,海月,,,,,,,
246,"145
259
139
458
159
oox",841730,,模擬,2023-10-13 00:00:00,1,,,池,黑羊,Dean,毛爸,海月,,,,,,,
247,"169
239
359 2+
129 4+
156
oxx",647102,,模擬,2023-10-13 00:00:00,2,,,JOY,ED,Sin,海月,池,,,,,,,
248,"169
289
457 3+
456
357
oxx",309741,,模擬,2023-10-13 00:00:00,3,,,池,Sin,HAO,ED,海月,,,,,,,
249,"146
269
130
480
235
ooo",468579.0,,模擬,2023-10-19 00:00:00,1,v,號子說2350也不出,黑羊,Sirius,毛爸,小背包,HAO,,,,,,,
250,"178
280
360
145
145
oox
1689
5790
2380
2579
1680
ooox
0>4 o",047591,,模擬,"2023/10/23
2024/5/7",1,,,池,海月,黑羊,Dean,TEN,池,轆,布叮咚瓜茶,黃某人,Emma,,
251,"167
257
358
479
578
oox",589160,,模擬,2023-10-23 00:00:00,1,,,Dean,ED,TEN,Sin,池,,,,,,,
252,"137
456 2+
390
459
458
oox",047698,,模擬,2023-10-24 00:00:00,1,,,雪怪,池,Dean,海月,毛爸,,,,,,,
253,"169
290
357
470
159
oox",631452,,模擬,2023-10-25 00:00:00,1,,,Sirius,海月,池,TEN,Dean,,,,,,,
254,"168
258
369
560
567
oox",846910,,模擬,2023-10-26 00:00:00,1,,,雪怪,池,TEN,ED,海月,,,,,,,
255,"478 1+
289
357
259 4+
259
oox",067243,,模擬,2023-10-26 00:00:00,2,,158海月,黑羊,HAO,Sirius,池,Sin,,,,,,,
256,"145
289
135
456
159
oox",469873,,模擬,2023-10-27 00:00:00,1,,,TEN,小背包,Dean,海月,池,,,,,,,
257,"146
268
159 3+
248
159
ooo",487290,,模擬,2023-10-30 00:00:00,1,v,"這把怪說海月的派票風格像池
only",Dean,HAO,海月,TEN,Lori,,,,,,,
258,"149
247
378
459
235
oox",094583,,模擬,2023-11-01 00:00:00,1,,579海月,雪怪,Lori,池,ED,Dean,,,,,,,
259,"159
267
234
480
258
oox",907862,,模擬,2023-11-01 00:00:00,2,,,Lori,TEN,雪怪,ED,海月,,,,,,,
260,"147
267
347
456
245
oox
2690
1479
2580
4790
2680
oooo",147302,,模擬,"2023/11/2
2024/3/25",1,,,Lori,HAO,雪怪,池,海月,Dean,池,HAO,Sin,ED,,
261,"146
270
360
136 4+
356
oox",310768,,模擬,2023-11-02 00:00:00,1,,,TEN,海月,HAO,雪怪,黃某人,,,,,,,
262,"489 1+
370 2+
138
456
145
oox",834690,,模擬,2023-11-02 00:00:00,2,,,海月,毛爸,Sin,雪怪,TEN,,,,,,,
263,"137
245
370
248
258
oox",286471,,模擬,2023-11-03 00:00:00,1,,357軒,Lori,Dean,Sin,HAO,毛爸,,,,,,,
264,"149
256
358
489
560
oox",219607,,模擬,2023-11-03 00:00:00,2,,,黃某人,池,Sirius,軒,Lori,,,,,,,
265,"148
268
360
347
345
oox",156782,,模擬,2023-11-03 00:00:00,3,,,Lori,黑羊,黃某人,HAO,海月,,,,,,,
266,"146
278
358
245
567
oox",641093,,模擬,2023-11-03 00:00:00,4,,,Lori,池,布叮咚瓜茶,Dean,軒,,,,,,,
267,"145
378 2+
389 2+
147
157
oox",687901,,模擬,2023-11-06 00:00:00,1,,,HAO,池,Dean,軒,TEN,,,,,,,
268,"167
259
349
349
590
ooo",609873,,模擬,2023-11-07 00:00:00,1,v,only,HAO,雪怪,軒,Dean,海月,,,,,,,
269,"178
280
358
145
157
oox
5670
3560 7+
4580
1290
3670
ooox
0>3 o",467539,,模擬,"2023/11/7
2024/4/24",1,,,池,軒,Dean,HAO,Sin,HAO,池,軒,Sin,布叮咚瓜茶,,
270,"578 1+
237
138
245
125
ooo",490857,,模擬,2023-11-07 00:00:00,,v,135黃某人,黑羊,Dean,軒,池,海月,,,,,,,
271,"378 1+
236
370
369 4+
359
ooo",864019,,模擬,2023-11-08 00:00:00,1,v,only,TEN,Dean,池,HAO,海月,,,,,,,
272,"450 1+
237
379
450 1+
250
oox",230984,,模擬,2023-11-08 00:00:00,2,,,Dean,Sin,軒,ED,海月,,,,,,,
273,"158
268
349
389 4+
256
oox",042751,,模擬,2023-11-08 00:00:00,3,,156軒,小背包,TEN,黑羊,黃某人,雪怪,,,,,,,
274,"179
126
348
340
567
oox",621439,,模擬,2023-11-08 00:00:00,4,,"579軒
256黃某人",黑羊,Dean,HAO,Sin,池,,,,,,,
275,"136
234
346
234
135
oox",743051,,模擬,2023-11-09 00:00:00,1,,156ED、黃某人,黑羊,池,Sin,軒,HAO,,,,,,,
276,"150
247
370
345
150
oox",027819,,模擬,2023-11-09 00:00:00,2,,,毛爸,TEN,HAO,池,海月,,,,,,,
277,"146
590 2+
347
460
456
oox",276841,,模擬,2023-11-10 00:00:00,1,,,Lori,ED,黃某人,黑羊,海月,,,,,,,
278,"190
267
235
789 4+
257
oox
4690
4780
2780
2479
2460
oooo
0>2 o",519328,,模擬,2023-11-11 00:00:00,1,v,only,Dean,池,HAO,ED,海月,軒,Sin,小背包,布叮咚瓜茶,TEN,,
279,"139
259
358
246
359
oox
1689
1378
2380
1279
1380
oooo",642973,,模擬,"2023/11/14
2024/3/29",1,,"578海月
157雪怪
258黃某人
560TEN

1370Sin",HAO,軒,毛爸,黃某人,Dean,池,黃某人,午夜,布叮咚瓜茶,貝沙,,
280,"179
247
360
147
457
ooo",613025,,模擬,2023-11-15 00:00:00,1,v,only,池,黃某人,毛爸,軒,海月,,,,,,,
281,"179
267
380
457
580
oox
1467
1257
3458
1359
1270
ooxx",295178,,模擬,"2023/11/15
2024/4/10",1,,,TEN,HAO,黑羊,Dean,軒,黃某人,午夜,池,Sin,軒,,
282,"129
269
356
456
358
oox",689341,,模擬,2023-11-15 00:00:00,2,,,Sin,軒,HAO,ED,海月,,,,,,,
283,"169
237
123
470
159
oox",941730,,模擬,2023-11-16 00:00:00,1,,,ED,黑羊,Sin,TEN,海月,,,,,,,
284,"146
247
130
460
590
oxx",792051,,模擬,2023-11-17 00:00:00,1,,,池,軒,毛爸,Dean,海月,,,,,,,
285,"179
234
345
345
135
oox",719652,,模擬,2023-11-17 00:00:00,2,,,毛爸,Sin,池,軒,TEN,,,,,,,
286,"134
267
340
457
359
oox",032149,,模擬,2023-11-17 00:00:00,3,,"568海月
135Dean",雪怪,毛爸,軒,池,TEN,,,,,,,
287,"156
125
390
456
356
oox",390278,,模擬,2023-11-18 00:00:00,1,,reset發兩奧,Lori,Alan,Dean,池,海月,,,,,,,
288,"379 1+
268
678 3+
250 4+
245
oox",246310,,模擬,2023-11-18 00:00:00,2,,,HAO,雪怪,Lori,池,海月,,,,,,,
289,"369 1+
270
347
148
570
oox",689502,,模擬,2023-11-20 00:00:00,1,,,軒,毛爸,TEN,黑羊,Sirius,,,,,,,
290,"146
248 1+
369
247
245
oox",894617,,模擬,2023-11-21 00:00:00,1,,,池,雪怪,黃某人,黑羊,熊,,,,,,,
291,"158
239
237
458
257
oox",374621,,模擬,2023-11-21 00:00:00,2,,,熊,雪怪,開司,軒,TEN,,,,,,,
292,"479 1+
236
368
179 4+
458
oox",803267,,模擬,2023-11-21 00:00:00,3,v,159HAO,TEN,池,黃某人,軒,Sin,,,,,,,
293,"169
235
239
145
579
oox",910238,,模擬,2023-11-22 00:00:00,1,,,TEN,JOY,軒,轆,海月,,,,,,,
294,"180
248
358
459
150
ooo",796281,,模擬,2023-11-22 00:00:00,2,v,158Sin、皓,TEN,軒,開司,毛爸,海月,,,,,,,
295,"140
248
356
148
358
oox",094327,,模擬,2023-11-22 00:00:00,3,,"258黑羊
HAO說如果我有3-5他認輸",開司,軒,Sin,HAO,海月,,,,,,,
296,"789 1+
248
679 3+
356 4+
258 
oox
3690
1479
1248
1790
3460
ooox
0>4 o",579368,,模擬,"2023/11/23
2024/5/7",1,,"1570 ED
1450 貝沙",海月,雪怪,池,軒,TEN,軒,池,Vash,黃某人,Sin,,
297,"179
125
235
680 4+
580
oox",165438,,模擬,2023-11-24 00:00:00,1,,,開司,毛爸,Sin,池,軒,,,,,,,
298,"378 1+
259
239
340
235
oox",349782,,模擬,2023-11-24 00:00:00,2,,,軒,JOY,池,開司,Sin,,,,,,,
299,"378 1+
289
239
458
579
ooo",284135,,模擬,2023-11-24 00:00:00,3,v,"579海月
457軒
570TEN
357Dean
359HAO",毛爸,Sin,JOY,池,海月,,,,,,,
300,"345 1+
125
346
148
125
oox",175640,,模擬,2023-11-24 00:00:00,4,,,海月,Dean,軒,TEN,JOY,,,,,,,
301,"379 1+
269
123
246
259
oox",042851,,模擬,"2023/11/27
2024/4/11",1,,,黑羊,毛爸,軒,雪怪,TEN,池,軒,JOY,HAO,黑羊,,
302,"170
256
367
157 4+
245
oox",926053,,模擬,2023-11-27 00:00:00,1,,"357池
256黃某人(可以考慮撞車ooo)",TEN,雪怪,HAO,軒,JOY,,,,,,,
303,"169
127
237
890 4+
145 
oox",289531,,模擬,2023-11-28 00:00:00,1,,,Dean,Lori,雪怪,池,軒,,,,,,,
304,"489 1+
378 2+
789 23+
470
569 
oox",367124,,模擬,2023-11-28 00:00:00,2,,,黑羊,Lori,雪怪,HAO,池,,,,,,,
305,"179
247
457 3+
145
159
oox
4568
2457
2480
3490
2470
ooox
0>4 o",692143,,模擬,"2023/11/28
2024/9/10",1,,"345HAO
357海月

2450 ooox 0>4 oTEN
2480 ooox 0>3 o池",池,TEN,Lori,Dean,軒,黑羊,軒,布叮咚瓜茶,ED,豬豬,,
306,"127
245
137
249
158
oox",683041,,模擬,2023-11-28 00:00:00,3,,579JOY,Dean,池,軒,TEN,ED,,,,,,,
307,"148
270
378
469
578
oxx",824736,,模擬,2023-11-28 00:00:00,4,,569黃某人,JOY,HAO,ED,TEN,軒,,,,,,,
308,"480 1+
289
147 3+
158 34+
156
ooo",372964,,模擬,2023-11-28 00:00:00,5,,看黑羊有沒有掉,TEN,軒,ED,池,JOY,,,,,,,
309,"138
237
367
156 4+
356
oox
1468 9+
2367
1458
1456 9+
1590
oooo",346750,,模擬,"2023/11/28
2024/10/29",1,,,Dean,黑羊,Sin,開司,池,軒,豬豬,轆,ED,池,,
310,"178
238
356
456
145
oox
3460
2370
4678
1389
1270
ooox
0>7 o",143902,,模擬,"2023/11/28
2024/5/10",1,,"158ED

2890 ooox 0>5 o 黃某人
3560 ooox 0>5 o ED
2580 Dean",Dean,HAO,JOY,池,海月,梅粉,軒,Emma,池,大家都很乖,,
311,"169
269
378
160 4+
570
oox",402978,,模擬,2023-11-28 00:00:00,6,,,Sin,Dean,池,ED,海月,,,,,,,
312,"159
237
178 3+
678 4+
156
ooo",203964,,模擬,2023-11-29 00:00:00,1,v,,JOY,開司,池,TEN,黑羊,,,,,,,
313,"167
248
379
478
589
oox",301526,,模擬,2023-11-29 00:00:00,2,,,JOY,HAO,黃某人,Sin,軒,,,,,,,
314,"147
289
357
468
357
oox",307284,,模擬,2023-11-30 00:00:00,1,,,黃某人,Sin,開司,毛爸,池,,,,,,,
315,"167
240
378
458
250
ooo",378146,,模擬,2023-12-01 00:00:00,1,v,only,池,ED,JOY,黃某人,Sin,,,,,,,
316,"147
246
388
146
456 
oox",830419,,模擬,2023-12-01 00:00:00,2,,,黑羊,小背包,池,軒,黃某人,,,,,,,
317,"120
270
357
478
150
ooo",830415,,模擬,2023-12-04 00:00:00,1,v,藏,TEN,黑羊,池,軒,Dean,,,,,,,
318,"127
256
389
456
256
oox ",897641,,模擬,2023-12-04 00:00:00,2,,三紅梅林死亡局,雪怪,JOY,池,毛爸,軒,,,,,,,
319,"289 1+
269 1+
346
467
129
oox",413850,,模擬,2023-12-04 00:00:00,3,,"撒
259JOY",HAO,大星,Sirius,軒,雪怪,,,,,,,
320,"136
279
369
468
270
ooo",146850,,模擬,2023-12-05 00:00:00,1,v,only,雪怪,海月,Sin,黃某人,毛爸,,,,,,,
321,"178
248
367
580 4+
356
oox",268391,,模擬,2023-12-05 00:00:00,2,,450黃某人,JOY,黑羊,TEN,ED,毛爸,,,,,,,
322,"350 1+
248
378
457
158
oox",648901,,模擬,2023-12-05 00:00:00,3,,135軒,TEN,黃某人,午夜,黑羊,池,,,,,,,
323,"169
246
346
458
458
oox",082163,,模擬,2023-12-06 00:00:00,1,,459ED,Sirius,黑羊,洋蔥,JOY,HAO,,,,,,,
324,"469 1+
289
579 3+
148
156
oox",736915,,模擬,2023-12-06 00:00:00,2,,,TEN,HAO,池,海月,黃某人,,,,,,,
325,"345 1+
250
350 2+
456
156
oox",193768,,模擬,2023-12-06 00:00:00,3,,,海月,HAO,池,TEN,Dean,,,,,,,
326,"145
248
135
156 4+
456
oxx",492580,,模擬,2023-12-07 00:00:00,1,,,Dean,洋蔥,池,HAO,黃某人,,,,,,,
327,"170
279
359
125 4+
357
oox",389612,,模擬,2023-12-07 00:00:00,2,v,245黃某人,Dean,TEN,海月,HAO,池,,,,,,,
328,"158
248
349
490
345
ooo",634792,,模擬,2023-12-07 00:00:00,3,v,撞車,Lori,TEN,池,Sin,HAO,,,,,,,
329,"138
480 2+
356
345 3-
358
oox",613742,,模擬,2023-12-07 00:00:00,4,,,雪怪,轆,彥呈,海月,TEN,,,,,,,
330,"278 1+
245
139
470
158
oox",308129,,模擬,2023-12-08 00:00:00,1,,,黑羊,彥呈,Lori,海月,黃某人,,,,,,,
331,"135
250
347
234
358
oox",478205,,模擬,2023-12-08 00:00:00,2,,159Sirius,HAO,TEN,黑羊,海月,池,,,,,,,
332,"156
268
369
123 4+
369
ooo",793481,,模擬,2023-12-08 00:00:00,3,v,撒，撞車,JOY,黃某人,Dean,池,TEN,,,,,,,
333,"137
256
345
457
256
ooo",348725,,模擬,2023-12-08 00:00:00,4,v,156Dean,雪怪,TEN,HAO,黃某人,JOY,,,,,,,
334,"178
247
358
245
578
oox",967528,,模擬,2023-12-08 00:00:00,5,,5不出,HAO,TEN,黃某人,黑羊,Sin,,,,,,,
335,"125
260
380
238 4+
258
ooo",714056,,模擬,2023-12-09 00:00:00,1,v,only,Dean,HAO,JOY,池,黃某人,,,,,,,
336,"148
278
670 3+
456
257
oox",290347,,模擬,2023-12-09 00:00:00,2,,156TEN,Sin,午夜,池,轆,黃某人,,,,,,,
337,"127
567 2+
359
248
158
oxx",910534,,模擬,2023-12-09 00:00:00,3,,,開司,轆,池,Dean,雪怪,,,,,,,
338,"148
240
379
230 4+
357
oox
1467
1346 7+
1368
1679
1360
ooox
0>4 o",581760,,模擬,"2023/12/9
2024/4/18",1,,5不出,黃某人,雪怪,池,HAO,JOY,池,ED,Sirius,黃某人,軒,,
339,"170
278
345
358 4+
157
ooo",829475,,模擬,2023-12-10 00:00:00,1,v,,JOY,TEN,小背包,黑羊,黃某人,,,,,,,
340,"140
280
345
458
458
oox",823751,,模擬,2023-12-10 00:00:00,2,,"145ED
450Dean
145黃某人",JOY,Sin,TEN,軒,池,,,,,,,
341,"128
278
370
346
157
ooo",603985,,模擬,2023-12-10 00:00:00,3,v,only,JOY,Sin,TEN,午夜,HAO,,,,,,,
342,"169
238
348
149
258
ooo",749185,,模擬,2023-12-11 00:00:00,1,v,,黃某人,Dean,黑羊,洋蔥,TEN,,,,,,,
343,"168
248
347
458
357
ooo",612348,,模擬,2023-12-11 00:00:00,2,v,3說要髒0，1-5不出,Dean,HAO,黑羊,TEN,黃某人,,,,,,,
344,"150
234
789 3+
245
450
oox",601384,,模擬,2023-12-11 00:00:00,3,,"457大星
245黃某人
150Sin
578JOY",雪怪,熊,池,ED,彥呈,,,,,,,
345,"490 1+
247 1+
379
240
590
oox",539701,,模擬,2023-12-11 00:00:00,4,,,HAO,雪怪,池,軒,Sin,,,,,,,
346,"126
289
358
149
578
oox",934850,,模擬,2023-12-11 00:00:00,5,,"258黃某人
145JOY",Dean,TEN,熊,軒,黑羊,,,,,,,
347,"156
248
359
478
157
oox
4670
4780
1480
1390
1280
ooxx
0>4 o",692154,,模擬,"2023/12/11
2024/4/16",1,,"258HAO
580Dean

1780 ooox 0>4 o貝沙
4580 oooo HAO",JOY,洋蔥,黃某人,TEN,Sin,ED,Dean,黃某人,Sin,軒,,
348,"149
268
389
169 4+
456
oox",042783,,模擬,2023-12-12 00:00:00,1,,,Dean,黑羊,JOY,午夜,Sin,,,,,,,
349,"478 1+
279
237
148
259
oox",372658,,模擬,2023-12-12 00:00:00,2,,"458ED
590Dean",午夜,Sirius,JOY,軒,Sin,,,,,,,
350,"158
270
580 3+
148
458
oox",490721,,模擬,2023-12-12 00:00:00,3,,,小背包,轆,池,黑羊,黃某人,,,,,,,
351,"146
248 1+
389
168 24+
568
oox",035196,,模擬,2023-12-12 00:00:00,4,,,HAO,黃某人,池,TEN,Sin,,,,,,,
352,"169
267
347
126 4+
256
oox",702984,,模擬,2023-12-12 00:00:00,5,,,TEN,小背包,黃某人,雪怪,午夜,,,,,,,
353,"178
260
346
347
158
oox",196240,,模擬,2023-12-13 00:00:00,1,,,黃某人,JOY,池,黑羊,軒,,,,,,,
354,"345 1+3-
238
236
245
256
oox",682091,,模擬,2023-12-13 00:00:00,2,,,TEN,JOY,池,Dean,海月,,,,,,,
355,"128
268
359
347
589
oox",697421,,模擬,2023-12-13 00:00:00,3,,,午夜,黃某人,黑羊,雪怪,海月,,,,,,,
356,"167
278
347
479
457
oox",149052,,模擬,2023-12-13 00:00:00,4,,257海月,午夜,JOY,黃某人,豬羊,黑羊,,,,,,,
357,"137
289
370
479
259
oox",853641,,模擬,2023-12-13 00:00:00,5,,,Dean,黑羊,TEN,黃某人,小背包,,,,,,,
358,"145
248
367
458
259
oxx",819253,,模擬,2023-12-13 00:00:00,6,,,黑羊,洋蔥,JOY,黃某人,海月,,,,,,,
359,"189
278
379
145
258
oxx",720816,,模擬,2023-12-14 00:00:00,1,,145Kevin,Dean,黃某人,Sin,轆,軒,,,,,,,
360,"167
249
347
237 4+
156
oox",169852,,模擬,2023-12-14 00:00:00,2,,,TEN,Dean,黑羊,Kevin,JOY,,,,,,,
361,"179
267
139
246
256
oox",093657,,模擬,2023-12-14 00:00:00,3,,"257TEN
245熊",雪怪,Sin,黃某人,軒,Kevin,,,,,,,
362,"180
238
356
489
158
oox
3569
4579
4789
1579
1230
ooxx
0>3 ?",079124,,模擬,"2023/12/14
2024/9/27",1,,"都派過
258黃某人
458軒",雪怪,小背包,JOY,Dean,HAO,黑羊,豬豬,軒,Sin,布叮咚瓜茶,,
363,"469 1+
267
389
160 4+ 1-
259
oox",793254,,模擬,2023-12-15 00:00:00,1,,"150Sin
568Dean",ED,黃某人,池,HAO,Kevin,,,,,,,
364,"369 1-
268
235
478
356
oox",431529,,模擬,2023-12-15 00:00:00,2,,,ED,黃某人,池,TEN,HAO,,,,,,,
365,"249 1-
267
340 1+
247
350
oox",803524,,模擬,2023-12-15 00:00:00,3,,,ED,黃某人,JOY,Sirius,Sin,,,,,,,
366,"360 1-
234
348
234
356
oox",326051,,模擬,2023-12-15 00:00:00,4,,,ED,Sin,JOY,Dean,黃某人,,,,,,,
367,"168
289
347
457
158
oox",814693,,模擬,2023-12-15 00:00:00,5,,,ED,TEN,池,軒,JOY,,,,,,,
368,"260 1+
238
136
480
245
oox",714835,,模擬,2023-12-15 00:00:00,6,,,ED,TEN,JOY,黃某人,雪怪,,,,,,,
369,"138
278
349
148
135
oox",639784,,模擬,2023-12-15 00:00:00,7,,125海月、池,ED,黑羊,TEN,HAO,JOY,,,,,,,
370,"169
247
379
145
159
oox",934082,,模擬,2023-12-16 00:00:00,1,,,ED,JOY,池,黑羊,TEN,,,,,,,
371,"146
258
389
245
359
oox",396024,,模擬,2023-12-16 00:00:00,2,,,布叮咚瓜茶,池,黃某人,TEN,Sin,,,,,,,
372,"179
289
258 3+
470
358
oox",529341,,模擬,2023-12-17 00:00:00,1,,,TEN,Sin,池,熊,Dean,,,,,,,
373,"135
268
389
458
245
ooo",7052,,模擬,2023-12-17 00:00:00,2,v,不出,Dean,黑羊,池,熊,TEN,,,,,,,
374,"170
237
345
467
157
oox",671530,,模擬,2023-12-18 00:00:00,1,,,JOY,Sin,Dean,黃某人,海月,,,,,,,
375,"169
290
367
480
156
oox",684302,,模擬,2023-12-18 00:00:00,2,,,Sin,JOY,海月,Dean,彥呈,,,,,,,
376,"167
269
138
489
156
oox",350462,,模擬,2023-12-18 00:00:00,3,,,JOY,TEN,彥呈,黃某人,熊,,,,,,,
377,"169
238
389
124
157
oxx",1027x3,,,2023-12-18 00:00:00,4,,網頁跳掉，派西開689,Sirius,黃某人,黑羊,HAO,TEN,,,,,,,
378,"130
270
379
458
569
ooo",041835,,模擬,2023-12-19 00:00:00,1,v,,JOY,黃某人,海月,開司,HAO,,,,,,,
379,"140
247
367
578 4+
568
oox",860279,,模擬,2023-12-19 00:00:00,2,,145HAO,Dean,軒,黃某人,海月,池,,,,,,,
380,"578 1+
256
368
248
358
ooo",019465,,模擬,2023-12-20 00:00:00,1,v,,HAO,Dean,黃某人,彥呈,池,,,,,,,
381,"679 1+
479 2+
348
490
358
oxx",068542,,模擬,2023-12-20 00:00:00,2,,,Kevin,雪怪,JOY,黃某人,池,,,,,,,
382,"160
259
379
149
357
oox",379451,,模擬,2023-12-20 00:00:00,3,,"250池
258雪怪
156Sin",Dean,毛爸,Sirius,TEN,黃某人,,,,,,,
383,"149
235
348
457
345
oox",875391,,模擬,2023-12-21 00:00:00,1,,,黑羊,Kevin,轆,JOY,池,,,,,,,
384,"137
270
369
348
358
oox",210879,,模擬,2023-12-21 00:00:00,2,,"345池
356Sin",Dean,海月,JOY,ED,黃某人,,,,,,,
385,"390 1+
237
256 3+
489
259
oox",870956,,模擬,2023-12-21 00:00:00,3,,,JOY,ED,海月,TEN,黃某人,,,,,,,
386,"146
370 2+
690 3+
468
560
oox",208974,,模擬,2023-12-21 00:00:00,4,,,TEN,海月,HAO,雪怪,Dean,,,,,,,
387,"168
289
380
457
589
oox",027938,,模擬,2023-12-21 00:00:00,5,,458黃某人,Sin,TEN,海月,Dean,池,,,,,,,
388,"136 4+
260
158 3+
129 4+
135
oxx",783512,,模擬,2023-12-22 00:00:00,1,,,TEN,JOY,ED,海月,Sin,,,,,,,
389,"478 1+
348 2+
136
147
356
oox
1670
3478 8-
2380
1690
1450
ooox
0>5 x",594783,,模擬,"2023/12/23
2024/3/26",1,,"1670 ooox 0>4 x貝沙
2380 oooo午夜",HAO,黃某人,Dean,海月,池,洋蔥,池,HAO,JOY,ED,,
390,"169
236
237
679 4+
157
ooo",386041,,模擬,2023-12-25 00:00:00,1,v,only,黃某人,雪怪,海月,TEN,池,,,,,,,
391,"489 1+
259
357
248
578
oox",237948,,模擬,2023-12-26 00:00:00,1,,,JOY,ED,黃某人,海月,池,,,,,,,
392,"189
278
356
469
257
oox",492368,,模擬,2023-12-27 00:00:00,1,,,Sin,Kevin,JOY,黃某人,海月,,,,,,,
393,"179
247
160 3+
456
590
oox",098264,,模擬,2023-12-27 00:00:00,2,,現在,雪怪,JOY,ED,海月,池,,,,,,,
394,"127
240
367
469
258
oox",093821,,模擬,2023-12-27 00:00:00,3,,150JOY?,Dean,ED,雪怪,黃某人,池,,,,,,,
395,"123
289
237
490
257
oox",097431,,模擬,2023-12-27 00:00:00,4,,,TEN,池,彥呈,JOY,HAO,,,,,,,
396,"168
249
456 3+
468
345
oox",374019,,模擬,2023-12-27 00:00:00,5,,156JOY?,Kevin,TEN,池,HAO,ED,,,,,,,
397,"156
128
680 3+
256 4+
156
oox",613840,,模擬,2023-12-27 00:00:00,6,,,JOY,雪怪,池,黃某人,TEN,,,,,,,
398,"267 1+
270
347
149
250
oox",693278,,模擬,2023-12-28 00:00:00,1,,,黃某人,Dean,洋蔥,黑羊,池,,,,,,,
399,"178
236
358
479
358
oox",058941,,模擬,2023-12-28 00:00:00,2,,,池,彥呈,Dean,海月,Sin,,,,,,,
400,"149
270
358
479
157
oox",269713,,模擬,2023-12-29 00:00:00,1,,145黃某人,海月,ED,池,Sin,Dean,,,,,,,
401,"136
239
379
457
457
oox",189527,,模擬,2023-12-29 00:00:00,2,,,Sin,ED,黃某人,Dean,池,,,,,,,
402,"148
270
135
458
235
oox",702985,,模擬,2024-01-03 00:00:00,1,,,黃某人,黑羊,池,Sin,Dean,,,,,,,
403,"170
247
358
345
358
oox
170
247
358
345
358
oox
5670
4579
1680
3790
4570
ooox
0>4 x",428169,,模擬,"2024/1/4
2024/4/18",1,,,轆,TEN,洋蔥,黃某人,黑羊,軒,Sin,黑羊,午夜,黃某人,,
404,"368 1+
260
345
148
458
ooo",297086,,模擬,2024-01-04 00:00:00,1,,"156 JOY
345 燈泡
都派對",雪怪,TEN,Fish,黃某人,黑羊,,,,,,,
405,"178
269
359
345
459
oox",230961,,模擬,2024-01-05 00:00:00,1,,,黃某人,池,熊,Kevin,雪怪,,,,,,,
406,"158
237
136
340
135
oox",965412,,模擬,2023-07-25 00:00:00,2,,DC,TEN,梅粉,Sirius,南信子,ED,,,,,,,
407,"149
279
346
247
257 
oox",032154,,模擬,2023-07-24 00:00:00,3,,DC,梅粉,HAO,Sirius,軒,南信子,,,,,,,
408,"157
239
359
140
579
oox",982147,,模擬,2023-07-26 00:00:00,3,,DC,梅粉,海月,TEN,黑羊,CH,,,,,,,
409,"179
247
340
246
459
oox",582140,,模擬,2023-07-26 00:00:00,4,,DC,黑羊,TEN,梅粉,小背包,Sirius,,,,,,,
410,"168
234
380
346
358
oox",681972,,模擬,2023-07-27 00:00:00,1,,DC,梅粉,HAO,TEN,CH,小背包,,,,,,,
411,"148
235
379
468
157
ooo",690458,,模擬,2023-07-27 00:00:00,2,,DC,TEN,南信子,黑羊,Sirius,梅粉,,,,,,,
412,"169
237
370
147
457 
oxx",153420,,模擬,2023-07-27 00:00:00,3,,DC,Sirius,梅粉,HAO,小背包,黑羊,,,,,,,
413,"159
468 2+
370
148
450 
oox",279460,,模擬,2023-07-27 00:00:00,4,,DC,TEN,黑羊,南信子,Sirius,6U,,,,,,,
414,"160
480 2+
368
168 4+
158
oxx",138596,,模擬,2023-07-28 00:00:00,3,,DC,Sin,6U,黑羊,HAO,TEN,,,,,,,
415,"138 
250
357
146
135
oox",019368,,模擬,2023-07-28 00:00:00,4,,DC,6U,TEN,HAO,Sirius,Mike,,,,,,,
416,"178
258
567 3+
470
579
ooo",632890,,模擬,2023-07-28 00:00:00,5,,DC,黑羊,Sirius,6U,TEN,南信子,,,,,,,
417,"138
234
345
450
578 
oxx",052879,,模擬,2023-07-31 00:00:00,3,,DC,Sirius,ED,Sin,6U,小背包,,,,,,,
418,"156
279
346
140
359
oxx",508963,,模擬,2023-08-02 00:00:00,5,,DC,黑羊,小背包,Sirius,6U,TEN,,,,,,,
419,"189
258
490 3+
468
145
oxx",573140,,模擬,2023-08-01 00:00:00,3,,DC,黑羊,TEN,ED,Sirius,6U,,,,,,,
420,"145
278
379
140
357 
oxx",179356,,模擬,2023-08-06 00:00:00,2,,DC,6U,Sin,Sirius,TEN,南信子,,,,,,,
421,"179
236
349
147
456
oox
1467
4679
3489
1489
3470
ooox
0>4 x",478259,,模擬,"2023/8/7
2024/9/26",1,,DC,Sin,6U,Sirius,MH,黑羊,Dean,Sin,軒,TEN,黃某人,,
422,"478 1+
248
370
490
256
oox",249580,,模擬,2023-07-29 00:00:00,2,,DC,6U,TEN,小背包,Sirius,黑羊,,,,,,,
423,"158
279
348
145
259
ooo",641759,,模擬,2024-01-05 00:00:00,2,,,夆 ,池,黃某人,黑羊,羿廷,,,,,,,
424,"359 1+
269
158 3+
260 4+
589
ooo",360297,,模擬,2024-01-06 00:00:00,1,,,海月,Sin,池,TEN,HAO,,,,,,,
425,"148
289
128 3+
145
158
ooo",418602,,模擬,2024-01-07 00:00:00,1,,,Dean,ED,池,大星,黃某人,,,,,,,
426,"167
278
349
147
157
ooo",289045,,模擬,2024-01-07 00:00:00,2,,,午夜,池,TEN,雪怪,Sin,,,,,,,
427,"128
260
457 3+
579 4+
357
ooo",194653,,模擬,2024-01-10 00:00:00,1,,,轆,黑羊,池,黃某人,Sin,,,,,,,
428,"138
278
349
148
158
oox
3468
1247
2480
4689
1470
ooox
0>4 x",641952,,模擬,"2024/1/11
2024/3/28",1,,580Dean,轆,Sin,雪怪,彥呈,黃某人,轆,貝沙,雪怪,TEN,Ray,,
429,"158
278
128 3+
479
457
oox",976453,,模擬,2024-01-12 00:00:00,1,,158Dean Sin,夆 ,黑羊,黃某人,羿廷,池,,,,,,,
430,"167
268
357
146
156
ooo",029361,,模擬,2024-01-12 00:00:00,2,,都派過,JOY,雪怪,池,TEN,黑羊,,,,,,,
431,"179
125
348
147
159
oox",849302,,模擬,2024-01-15 00:00:00,1,,,Dean,池,雪怪,午夜,TEN,,,,,,,
432,"158
249
389
247
257
oxx",407289,,模擬,2024-01-16 00:00:00,1,,,TEN,布叮咚瓜茶,午夜,黑羊,發達,,,,,,,
433,"170
248
368
245
450
ooo",368795,,模擬,2024-01-17 00:00:00,1,,,TEN,洋蔥,池,Sin,Dean,,,,,,,
434,"136
249
367
149
459
oox",085714,,模擬,2024-01-17 00:00:00,2,,,洋蔥,TEN,Sin,羿廷,轆,,,,,,,
435,"168
256
358
169 4+
256
oox",016937,,模擬,2024-01-24 00:00:00,1,,,雪怪,午夜,黃某人,池,Sin,,,,,,,
436,"127
270
389
134
359
oox",945807,,模擬,2024-01-25 00:00:00,1,,,Sin,熊熊,池,彥呈,Dean,,,,,,,
437,"149
237
370
456
567
oox",697328,,模擬,2024-01-25 00:00:00,2,,,午夜,TEN,洋蔥,熊熊,池,,,,,,,
438,"157
238
359
457
157
oox
3468
4790
2478
1239
1230
ooox
0>4 x",748259,,模擬,"2024/1/29
2024/3/28",1,,,Dean,雪怪,池,言言,午夜,貝沙,海月,池,午夜,Ray,,
439,"150
289
369
245
570
oox",718946,,模擬,2024-01-30 00:00:00,1,,,夆 ,熊熊,黃某人,午夜,TEN,,,,,,,
440,"136
257
567 3+
469
257
oox",742961,,模擬,2024-01-30 00:00:00,2,,,夆 ,JOY,池,熊熊,ED,,,,,,,
441,"147
267
239
457
256
oox
1260
1347
1680
1237 9+
1470
ooox
0>4 x",980624,,模擬,"2024/1/31
2024/4/8",1,,,夆 ,午夜,Sin,黃某人,言言,ED,Sin,軒,午夜,TEN,,
442,"169
246
390
149
570
oox",290847,,模擬,2024-01-31 00:00:00,1,,,Sin,貝沙,熊熊,Dean,ED,,,,,,,
443,"167
370 2+
357 2+
489
450
oox
2360
3679
5680
1790
1790
ooox
0>4 x",016837,,模擬,"2024/2/1
2024/4/25",1,,,黃某人,HAO,Sin,午夜,貝沙,Sin,黃某人,ED,池,午夜,,
444,"147
278
238
247
235
oox",162804,,模擬,2024-02-01 00:00:00,1,,,夆 ,ED,黃某人,熊熊,Sin,,,,,,,
445,"149
169 2+
347
345
159
ooo",260349,,模擬,2024-02-02 00:00:00,1,,都派對,夆 ,池,TEN,Sin,貝沙,,,,,,,
446,"368 1+
278
349
389 4+
345
ooo",068273,,模擬,2024-02-02 00:00:00,2,,都派對,夆 ,Sin,JOY,池,黃某人,,,,,,,
447,"135
278
359
267 4+
135
oxx",396154,,模擬,2024-02-05 00:00:00,1,,,夆 ,黃某人,Sin,池,言言,,,,,,,
448,"138
249
158 3+
489
135
oox",625014,,模擬,2024-02-05 00:00:00,2,,,夆 ,言言,洋蔥,池,黃某人,,,,,,,
449,"147
234
359
245
145
oox
3569
1379
1780
1379
3570
ooxx
0>4 o",329581,,模擬,"2024/2/6
2024/9/9",1,,3560 ooxx 0>1 oSin,池,HAO,言言,午夜,Sin,軒,黃某人,黑羊,豬豬,?,,
450,"126
269
379
159 4+
459
oox",239014,,模擬,2024-02-08 00:00:00,1,,,Dean,TEN,午夜,HAO,池,,,,,,,
451,"189
259
378
458
158
oox",103754,,模擬,2024-02-14 00:00:00,1,,現在,池,洋蔥,黃某人,午夜,Sin,,,,,,,
452,"135
239
389
256 4+
456
oox",083652,,模擬,2024-02-15 00:00:00,1,,,夆 ,池,洋蔥,黑羊,海月,,,,,,,
453,"178
267
348
345
358
oox
2678
3470
1289
1348 9+
2680
ooox
0>2 o",813654,,模擬,"2024/2/15
2024/4/9",1,,,午夜,黃某人,池,海月,黑羊,黃某人,ED,海月,池,軒,,
454,"127
259
170 3+
450
150
oox
3568
1789
2589
1379
2460
ooox
0>3 o",742503,,模擬,"2024/2/15
2024/4/18",1,,,Dean,JOY,HAO,TEN,海月,JOY,HAO,軒,Sirius,池,,
455,"135 5-
238
368
169 4+
568
oox
3670
1370
1580
1369
1450
ooox
0>4 o",198732,,模擬,"2024/2/15
2024/9/11",1,,,夆 ,海月,TEN,池,ED,軒,池,Dean,豬豬,海月,,
456,"123
289
370
480
357
oox",418739,,模擬,2024-02-16 00:00:00,1,,,池,JOY,海月,Dean,ED,,,,,,,
457,"680 1+
256
370
148
560
oox",870496,,模擬,2024-02-16 00:00:00,2,,,HAO,JOY,Dean,海月,ED,,,,,,,
458,"137
126
359
390 4+
157
oox",769814,,模擬,2024-02-16 00:00:00,3,,125黃某人,JOY,Dean,海月,HAO,ED,,,,,,,
459,"137
270
390
130 4+
350
ooo",271980,,模擬,2024-02-16 00:00:00,4,,只有阿怪派,Dean,熊熊,海月,HAO,ED,,,,,,,
460,"147
239
357 2+
460
560
ooo",184270,,模擬,2024-02-16 00:00:00,5,,只有阿怪派,Dean,HAO,黑羊,海月,ED,,,,,,,
461,"128
260
689 3+
240
589
oox",215073,,模擬,2024-02-16 00:00:00,6,,,黑羊,Dean,池,HAO,ED,,,,,,,
462,"178
239
379
460
560
ooo","127945
",,模擬,2024-02-17 00:00:00,1,,,池,Sin,海月,Dean,ED,,,,,,,
463,"178
238
356
290 4+
259
oox",019326,,模擬,2024-02-17 00:00:00,2,,256TEN,池,午夜,Dean,海月,黑羊,,,,,,,
464,"138
240
136
349
159
oox",361508,,模擬,2024-02-17 00:00:00,3,,,Sin,TEN,Dean,布叮咚瓜茶,ED,,,,,,,
465,"156
268
370
480
560
oox",216730,,模擬,2024-02-18 00:00:00,1,,,JOY,海月,池,TEN,ED,,,,,,,
466,"156
269
347
459
459
oox",109724,,模擬,2024-02-18 00:00:00,2,,,貝沙,午夜,JOY,海月,Dean,,,,,,,
467,"149
278
346
246
589
oox",478630,,模擬,2024-02-21 00:00:00,1,,235海月,池,TEN,雪怪,布叮咚瓜茶,ED,,,,,,,
468,"189
125
369
457
125
oox
5670
5670
1489
1790
5670
ooox
0>5 o",631452,,模擬,"2024/2/26
2024/03/27",1,,,Dean,黑羊,TEN,奈奈,Sin,HAO,池,布叮咚瓜茶,黃某人,JOY,,
469,"167
239
368
147
259
oox",786240,,模擬,2024-02-29 00:00:00,1,,,池,Sin,黑羊,JOY,Vash,,,,,,,
470,"127
249
389
450
458
ooo",237946,,模擬,2024-03-01 00:00:00,1,,,午夜,TEN,HAO,池,Dean,,,,,,,
471,"168
290
389
146
150
ooo",783605,,模擬,2024-03-05 00:00:00,1,,,HAO,午夜,黃某人,布叮咚瓜茶,ED,,,,,,,
472,"148
259
138
467
156
ooo
",216098,,模擬,2024-03-05 00:00:00,2,,撞車,黑羊,HAO,池,Sin,午夜,,,,,,,
473,"129
249
345
479
159
oox",685742,,模擬,2024-03-05 00:00:00,3,,,黃某人,黑羊,TEN,布叮咚瓜茶,池,,,,,,,
474,"136
268
359
469
569
oox
4670
3670
3580
2479
2680
ooxx","819256
",,模擬,"2024/3/5
2024/8/2",1,,2680 ooxx布叮咚瓜茶,Dean,HAO,JOY,黃某人,ED,池,午夜,軒,黃某人,阿寶,,
475,"670 1+
237
379
147
145
oox",635289,,模擬,2024-03-05 00:00:00,4,,,HAO,JOY,池,Dean,ED,,,,,,,
476,"189
268
139
246
456
oox",281536,,模擬,2024-03-07 00:00:00,1,,,池,HAO,布叮咚瓜茶,黃某人,Sin,,,,,,,
477,"180
248
345
458
257
oox",290674,,模擬,2024-03-07 00:00:00,2,,,Dean,HAO,池,黃某人,黑羊,,,,,,,
478,"167
278
350
350 4+
357
oox
",614389,,模擬,2024-03-08 00:00:00,1,,,午夜,Sin,Dean,池,黑羊,,,,,,,
479,"178
289
135
269 4+
569
oox",829167,,模擬,2024-03-08 00:00:00,2,,,池,Sin,黑羊,黃某人,ED,,,,,,,
480,"138
269
389
145
589
oox",206583,,模擬,2024-03-12 00:00:00,1,,,Sin,彥呈,池,HAO,貝沙,,,,,,,
481,"149
238
358
147
568
oox",327654,,模擬,2024-03-12 00:00:00,2,,,HAO,Sin,Dean,布叮咚瓜茶,池,,,,,,,
482,"158
236
369
347
345
ooo",820197,,模擬,2024-03-12 00:00:00,3,,457Sin,池,黑羊,布叮咚瓜茶,Ober,貝沙,,,,,,,
483,"138
258
347
479
156
oox",493682,,模擬,2024-03-12 00:00:00,4,,158Ober,HAO,Dean,貝沙,池,TEN,,,,,,,
484,"125
290
389
478
125
oox",302871,,模擬,2024-03-15 00:00:00,1,,,池,JOY,黃某人,大家都很乖,Sin,,,,,,,
485,"168
237
356
458
589
oox",649370,,模擬,2024-03-15 00:00:00,2,,,HAO,Sin,黃某人,JOY,池,,,,,,,
486,"145
127
368
358 4+
135
oox",342957,,模擬,2024-03-16 00:00:00,1,,,TEN,HAO,布叮咚瓜茶,黑羊,池,,,,,,,
487,"168
289
369
458
580
ooo",913754,,模擬,2024-03-18 00:00:00,1,,258貝沙,黑羊,池,布叮咚瓜茶,洋蔥,Sin,,,,,,,
488,"126
237
368
690 4+
256
oox",832719,,模擬,2024-03-18 00:00:00,2,,"456Sin
560TEN
156Vash",轆,貝沙,黃某人,池,ED,,,,,,,
489,"127
279
357
129 4+
257
oox",954631,,模擬,2024-03-19 00:00:00,1,,,JOY,布叮咚瓜茶,髒髒泡泡,池,黃某人,,,,,,,
490,"160
267
134
348
150
oox
",709254,,模擬,2024-03-19 00:00:00,2,,158Sin,JOY,黑羊,布叮咚瓜茶,黃某人,池,,,,,,,
491,"139
269
138
456
358
oxx",136590,,模擬,2024-03-19 00:00:00,3,,,JOY,黃某人,布叮咚瓜茶,黑羊,ED,,,,,,,
492,"168
246
378
357 4+
158
oox
2560
3458 7+
4578
5690
3570
oooo
0>3 o",612938,,模擬,"2024/3/20
2024/4/17",1,,2680 0>4 o貝沙,HAO,ED,黃某人,池,婷,黑羊,池,HAO,JOY,軒,,
493,"156
125
370
148
145
ooo
",709614,,模擬,2024-03-20 00:00:00,1,,,HAO,池,黃某人,婷,ED,,,,,,,
494,"126
120
379
457
350
oox
",394280,,模擬,2024-03-20 00:00:00,2,,250 ooo池，2不出，以為0隊友,Sin,JOY,黃某人,午夜,HAO,,,,,,,
495,"178
236
137
458
157
oox
",107624,,模擬,2024-03-20 00:00:00,3,,,Sin,雪怪,布叮咚瓜茶,TEN,HAO,,,,,,,
496,"128
258
369
457 5-
258
oox
",924057,,模擬,2024-03-20 00:00:00,4,,"125 ooxDean
258 ooxED
568池
158Sin",Ray,呂安,布叮咚瓜茶,大家都很乖,HAO,,,,,,,
497,"137
258
370
140
158
oxx",428531,,模擬,2024-03-21 00:00:00,1,,145 oxxVash,HAO,JOY,布叮咚瓜茶,Sin,ED,,,,,,,
498,"148
290
369
145
156
oox","963024
",,模擬,2024-03-21 00:00:00,2,,"450 ooxVash
158ED",JOY,池,布叮咚瓜茶,Sin,午夜,,,,,,,
499,"238 1+
289
359
246
345
oox",904587,,模擬,2024-03-22 00:00:00,1,,,轆,JOY,黃某人,雪怪,布叮咚瓜茶,,,,,,,
500,"167
269
137
245
569
oox",219305,,模擬,2024-03-23 00:00:00,1,,,池,布叮咚瓜茶,黃某人,轆,黑羊,,,,,,,
501,"167
247
169 3+
589 4+
158
oox",761248,,模擬,2024-03-26 00:00:00,1,,,黑羊,TEN,HAO,池,Dean,,,,,,,
502,"238 1+
123
357
467
357
ooo",957184,,模擬,2024-03-27 00:00:00,1,,,HAO,Sin,ED,池,布叮咚瓜茶,,,,,,,
503,"178
239
370
149
158
oox
1367
4790
2689
1249
2360
oooo
0>3 o",179582,,模擬,"2024/4/1
2024/9/13",1,,,午夜,Sin,海月,池,黑羊,軒,TEN,午夜,池,HAO,,
504,"169
278
358
457
257
ooo",613478,,模擬,2024-04-08 00:00:00,1,,,HAO,池,黃某人,軒,Sin,,,,,,,
505,"147
250 1+
136
149
560
oox",146827,,模擬,2024-04-11 00:00:00,1,,"250Sin
257Vash
257布叮咚瓜茶",池,洋蔥,ED,黃某人,JOY,,,,,,,
506,"189
269
367
457
570
oxx",561728,,模擬,2024-04-12 00:00:00,1,,,Sin,池,黃某人,Dean,ED,,,,,,,
507,"167
260
370
245 2-
250
oox
2689 9-
1370
2468
3790
3790
ooox
0>3 o",640159,,模擬,2024-04-12 00:00:00,2,,,?,?,?,?,?,Sin,布叮咚瓜茶,黃某人,軒,貝沙,,
508,"167
249
348
450
359
oox",013795,,模擬,2024-04-15 00:00:00,1,,"358，5不出
359，5會出

358 oooED",Sin,午夜,HAO,布叮咚瓜茶,池,,,,,,,
509,"129
789 2+
135
347
256
oox
1678
4780
1689
6890
2470
ooox
0>4 x
1380 8-
1230
1357 7-
4678 7-9+
5789
ooox",934657,,模擬,2024-04-15 00:00:00,2,,[3-2]2家是代打的,Dean,ED,池,海月,JOY,Sin,軒,午夜,黃某人,Vash,,
510,"149
269
390
467
259
oox",952387,,模擬,2024-04-16 00:00:00,1,,"259 oox軒
456 oox布叮咚瓜茶",雪怪,ED,Ray,午夜,黃某人,,,,,,,
511,"137
290
470 3+
470 3+
259
oox
2360
3790
4780 0-
4890
1370
ooox
0>3 o
1348 34-
2370
3490
3490
3570
ooox",718269,,模擬,2024-04-16 00:00:00,2,,[2-5]僅刺客出任務失敗，娜娜精準判斷身分。,JOY,ED,HAO,Dean,海月,Sin,黃某人,黑羊,Vash,布叮咚瓜茶,,
512,"389 1+
269
238
478
158
oox",982146,,模擬,2024-04-17 00:00:00,1,,"[1-5]8家出的失敗
158Sin
158HAO
158Dean
458軒",池,黃某人,Vash,JOY,HAO,,,,,,,
513,"468 1+
249
356
147
560
ooo",398245,,模擬,2023-12-18 00:00:00,5,,,HAO,海月,黑羊,Sin,JOY,,,,,,,
514,"169
249
358
478
158
oox",938654,,模擬,2024-04-19 00:00:00,1,,568 oxx布叮咚瓜茶,HAO,黃某人,池,Sin,嚇到吃手手,,,,,,,
515,"480 1+
258 1+
379
456
250
oox",108942,,模擬,2024-04-19 00:00:00,2,,,HAO,布叮咚瓜茶,黃某人,軒,Sirius,,,,,,,
516,"179
470 2+
350
480
578
oox",308675,,模擬,2024-04-24 00:00:00,1,,,黑羊,池,Sin,Dean,JOY,,,,,,,
517,"236 1+
270
380
479
457
oox",457923,,模擬,2024-05-03 00:00:00,1,,,轆,Sin,池,Emma,軒,,,,,,,
518,"148
279
237
456
458
oox",268751,,模擬,2024-05-07 00:00:00,1,,,Sin,ED,Emma,JOY,黃某人,,,,,,,
519,"148
269
389
458
256
oox",492178,,模擬,2024-05-09 00:00:00,1,,"145 HAO
459 ED
458 Dean",池,黃某人,Sin,大家都很乖,小余,,,,,,,
520,"159
278
136
456
156
oox",821940,,模擬,2024-05-10 00:00:00,1,,,Emma,黃某人,海月,午夜,小余,,,,,,,
521,"147
129
239
478
159
oox",968250,,模擬,2024-05-14 00:00:00,1,,125 oox Sin,池,HAO,小余,黃某人,冰雪塵,,,,,,,
522,"178
280
368
450
158
ooo",329410,,模擬,2024-05-14 00:00:00,2,,,Sin,池,HAO,軒,嚇到吃手手,,,,,,,
523,"180
268
389
258 4+
158
ooo",302794,,模擬,2024-05-15 00:00:00,1,,,池,黑羊,Emma,黃某人,Sin,,,,,,,
524,"189
258
239
456
356
oox
2680
1579 3+
1689
2589 5-
1460
ooox
0>5 o
1258
1258
3579
2458
1258
ooox",176934,,模擬,2024-05-16 00:00:00,1,,[3-1]代替原本1家,黃某人,海月,池,JOY,ED,黑羊,Sin,布叮咚瓜茶,Emma,呂安,,
525,"167
279
230
146
235
ooo",648935,,模擬,2024-05-16 00:00:00,2,,257小余,軒,池,黃某人,HAO,Sin,,,,,,,
526,"147
240
360
248
259
oox",240896,,模擬,2024-06-06 00:00:00,1,,"457 oox阿寶
458 oxx黃某人",池,Sin,Emma,黑羊,ED,,,,,,,
527,"134
580 2+
370
357 4+
579
oox",307248,,模擬,2024-06-06 00:00:00,2,,"250 oxxED
560 oox豬豬
350 ooxAndrew莊
578 ooxEmma
258 ooxSin
589 ooo池",雪怪,黃某人,嚇到吃手手,軒,阿寶,,,,,,,
528,"157
278
379
459
157
oox",620153,,模擬,2024-06-07 00:00:00,1,,157 ooxSin,Dean,黃某人,池,午夜,ED,,,,,,,
529,"179
125
230
146
125
oox",745923,,模擬,2024-06-12 00:00:00,1,,359 oox布叮咚瓜茶,HAO,池,Sin,Sirius,黃某人,,,,,,,
530,"126
270
340
347
156
oox",054761,,模擬,2024-06-14 00:00:00,1,,,阿寶,軒,池,Emma,Sin,,,,,,,
531,"138
247
345
479 2+
459
ooo",786345,,模擬,2024-06-19 00:00:00,1,,,嚇到吃手手,池,布叮咚瓜茶,黃某人,Sin,,,,,,,
532,"160
268
349
359 4+
345
ooo",289054,,模擬,2024-06-19 00:00:00,2,,,阿寶,黃某人,布叮咚瓜茶,池,Sin,,,,,,,
533,"167
249
350
240
459
ooo",195036,,模擬,2024-06-19 00:00:00,3,,,Dean,阿寶,布叮咚瓜茶,HAO,軒,,,,,,,
534,"178
248
347
478
578
oox",472138,,模擬,2024-06-25 00:00:00,1,,,池,布叮咚瓜茶,粉粉,Emma,軒,,,,,,,
535,"147
257
137
147
350
oox",309284,,模擬,2024-06-25 00:00:00,2,,157 Sin,粉粉,軒,池,UCCU,黃某人,,,,,,,
536,"148
278
359
146
358
oox",146790,,模擬,2024-06-26 00:00:00,1,,"258 Sin
258 彥呈
145 ED
158 Sirius
456 布叮咚瓜茶
560 豬豬",軒,池,黃某人,粉粉,阿寶,,,,,,,
537,"159
269
368
468
256
oox",512074,,模擬,2024-06-28 00:00:00,1,,"579 oooSin
159 ooo池",HAO,Sirius,布叮咚瓜茶,粉粉,Dean,,,,,,,
538,"146
239
370
240
578
oox",027685,,模擬,2024-07-01 00:00:00,1,,578 oox豬豬,Dean,阿寶,黃某人,ED,粉粉,,,,,,,
539,"135
279
358
256 4+
450
oox",076931,,模擬,2024-07-10 00:00:00,1,,158 Dean,粉粉,軒,Sin,HAO,池,,,,,,,
540,"178
290
135
456
145
ooo",714360,,模擬,2024-07-10 00:00:00,2,,"250 oooSin
135 o?x粉粉",黑羊,阿寶,HAO,池,轆,,,,,,,
541,"178
246
390
456
350
oox",074386,,模擬,2024-07-11 00:00:00,1,,,池,阿寶,嚇到吃手手,布叮咚瓜茶,粉粉,,,,,,,
542,"180
248
134
468
158
oox",194056,,模擬,2024-07-11 00:00:00,2,,"357 池
358 Sin",Dean,洋蔥,阿寶,雪怪,粉粉,,,,,,,
543,"180
259
368
248 3+
356
oox",967241,,模擬,2024-07-12 00:00:00,1,,"150 ooo阿寶
458 oooED
256 oxx大家都很乖",Sin,粉粉,黑羊,池,發達,,,,,,,
544,"169
267
136
470
157
oox",029587,,模擬,2024-07-14 00:00:00,1,,,HAO,午夜,Emma,大家都很乖,豬豬,,,,,,,
545,"158
289
235
347
258
oxx",587246,,模擬,2024-07-15 00:00:00,1,,,池,阿寶,Sin,Emma,嚇到吃手手,,,,,,,
546,"139
238
380
368 4+
159
oox",897420,,模擬,2024-07-15 00:00:00,2,,"159  ooxSin
356 ooo豬豬",HAO,阿寶,粉粉,池,軒,,,,,,,
547,"159
238
380
245
259
oox",102658,,模擬,2024-07-16 00:00:00,1,,"259 ooxED
157 oox午夜
459 ooo池",洋蔥,阿寶,嚇到吃手手,布叮咚瓜茶,黃某人,,,,,,,
548,"138
234
350
158 4+
356
oox",612978,,模擬,2024-07-17 00:00:00,1,,145 ooxED,粉粉,阿寶,布叮咚瓜茶,Sin,豬豬,,,,,,,
549,"126
234
238
469
589
oox",842639,,模擬,2024-07-18 00:00:00,1,,456 oxxSin,阿寶,Emma,粉粉,黃某人,池,,,,,,,
550,"158
125
138
469
569
oox",948013,,模擬,2024-07-19 00:00:00,1,,,池,Dean,嚇到吃手手,黃某人,豬豬,,,,,,,
551,"178
270
358
456
456
oox",840612,,模擬,2024-07-23 00:00:00,1,,"358 ooxSin
569 oox布叮咚瓜茶
457 oox黑羊
590 oox阿寶
157 ooo豬豬",?,軒,Emma,池,黃某人,,,,,,,
552,"189
259
380
146
158
oox",874379,,模擬,2024-07-26 00:00:00,1,,"259Dean
579池",黃某人,軒,布叮咚瓜茶,Sin,豬豬,,,,,,,
553,"149
158 2+
369
145
356
oox",760942,,模擬,2024-07-31 00:00:00,1,,156 oox午夜,Emma,池,軒,Sin,豬豬,,,,,,,
554,"179
269
130
246
150
oox",236098,,模擬,2024-08-01 00:00:00,1,,157 豬豬,午夜,Sin,阿寶,軒,TEN,,,,,,,
555,"137
278
137
280 4+
245
oox",519642,,模擬,2024-08-02 00:00:00,1,,456 oxx黑羊,Dean,Sin,阿寶,池,軒,,,,,,,
556,"469 1+
289
469 13+
147
156
ooo",284013,,模擬,2024-08-06 00:00:00,1,,,黃某人,軒,Emma,Sin,Dean,,,,,,,
557,"147
289
137
458
458
oox",129408,,模擬,2024-08-07 00:00:00,1,,,阿寶,HAO,豬豬,池,Sin,,,,,,,
558,"146
278
349
490
458
ooo",026713,,模擬,2024-08-08 00:00:00,1,,,黑羊,池,布叮咚瓜茶,軒,豬豬,,,,,,,
559,"125
289
358
467
589
oox",429357,,模擬,2024-08-12 00:00:00,1,,,阿寶,軒,池,豬豬,ED,,,,,,,
560,"178
237
348
358 4+
357
ooo",490152,,模擬,2024-08-14 00:00:00,1,,,池,Sin,黑羊,黃某人,豬豬,,,,,,,
561,"178
269
469 3+
245
259
oox",817563,,模擬,2024-08-15 00:00:00,1,,,Dean,池,阿寶,黃某人,布叮咚瓜茶,,,,,,,
562,"145
278
780 3+
247
578
oox",053624,,模擬,2024-08-16 00:00:00,1,,,Sin,HAO,ED,池,阿寶,,,,,,,
563,"126
280
135
248
580
ooo",493708,,模擬,2024-08-16 00:00:00,2,,,黃某人,黑羊,池,阿寶,軒,,,,,,,
564,"138
124
358
469
158
ooo",647083,,模擬,2024-08-19 00:00:00,1,,159ED,Dean,Sin,Emma,黃某人,軒,,,,,,,
565,"189
280
356
149
145
oox",201754,,模擬,2024-08-20 00:00:00,1,,145 ooxED,池,Sin,布叮咚瓜茶,洋蔥,黑羊,,,,,,,
566,"179
457 2+
389
458
589
ooo",489061,,模擬,2024-08-20 00:00:00,2,,"預設德娜撞車
357豬豬",Sin,ED,海月,池,午夜,,,,,,,
567,"160
247
378
245
245
oox",830596,,模擬,2024-08-21 00:00:00,1,,357 oox軒，5不出,黑羊,池,Emma,布叮咚瓜茶,Sin,,,,,,,
568,"367 1+
269
347 1+
140
579
oox",310752,,模擬,2024-08-21 00:00:00,2,,157 oxx豬豬,ED,Sin,午夜,軒,池,,,,,,,
569,"148
289
239
247
258
oox",168374,,模擬,2024-08-22 00:00:00,1,,,Sin,池,午夜,布叮咚瓜茶,ED,,,,,,,
570,"158
289
359
240
158
ooo",218430,,模擬,2024-08-23 00:00:00,1,,"預設德娜撞車
359 oooSin
569 ooo池",Dean,豬豬,軒,布叮咚瓜茶,ED,,,,,,,
571,"379 1+
290
370
246
157
oox",725406,,模擬,2024-08-26 00:00:00,1,,157 ooxSin，5不出,ED,Dean,池,梅粉,Sin,,,,,,,
572,"189
248
349
589 4+
458
oox",298705,,模擬,2024-08-27 00:00:00,1,,458 oox黃某人,Sin,梅粉,布叮咚瓜茶,ED,池,,,,,,,
573,"147
290
380
479
358
oox",146802,,模擬,2024-08-28 00:00:00,1,,459 ooo梅粉，4不出,池,Sin,黑羊,軒,豬豬,,,,,,,
574,"148
256
369
234
358
oox
2360
2470
2680
2590
4780
oooo
0>4 o",613289,,模擬,"2024/8/28
2025/1/6",1,,,梅粉,池,軒,黃某人,Dean,布叮咚瓜茶,軒,豬豬,憲,HAO,,
575,"136
239
150 3+
356 4+
135
oox",873264,,模擬,2024-08-29 00:00:00,1,,135 ooxSin,Dean,黑羊,ED,布叮咚瓜茶,黃某人,,,,,,,
576,"158
247
359
489
257
oox",018243,,模擬,2024-09-03 00:00:00,1,,257 ooxSin,Dean,黑羊,池,午夜,黃某人,,,,,,,
577,"168
237
580 3+
145
135
oox",678394,,模擬,2024-09-04 00:00:00,1,,"357 oxxED
150 oooJOY",Dean,K810,午夜,Sin,池,,,,,,,
578,"170
247
479 3+
469
569
ooo",037465,,模擬,2024-09-05 00:00:00,1,,,Dean,池,毛爸,黑羊,?,,,,,,,
579,"178
257
349
147
359
ooo",081735,,模擬,2024-09-06 00:00:00,1,,,豬豬,Sin,布叮咚瓜茶,池,?,,,,,,,
580,"169
257
379
245
259
oox",573098,,模擬,2024-09-09 00:00:00,1,,,HAO,黑羊,豬豬,Sin,池,,,,,,,
581,"127
279
357
489
158
oxx",698531,,模擬,2024-09-10 00:00:00,1,,,JOY,軒,豬豬,Sin,TEN,,,,,,,
582,"128
269
370
456
256
ooo",931867,,模擬,2024-09-11 00:00:00,1,,,Dean,池,軒,豬豬,海月,,,,,,,
583,"167
240
367
159 4+
157
ooo",671409,,模擬,2024-09-12 00:00:00,1,,,池,JOY,豬豬,ED,?,,,,,,,
584,"135
246
368
458
560
oox",826359,,模擬,2024-09-13 00:00:00,1,,,Dean,池,午夜,豬豬,Sin,,,,,,,
585,"189
257
130
249
158
ooo",724051,,模擬,2024-09-14 00:00:00,1,,,Sin,黑羊,池,布叮咚瓜茶,軒,,,,,,,
586,"146
268
389
249
156
oox",396012,,模擬,2024-09-17 00:00:00,1,,"589 oox午夜
258 oooSin",Dean,HAO,布叮咚瓜茶,軒,豬豬,,,,,,,
587,"189
159 2+
136
456
456
ooo",312705,,模擬,2024-09-18 00:00:00,1,,,HAO,池,Sin,TEN,K810,,,,,,,
588,"138
268
359
456
456
oox",804715,,模擬,2024-09-19 00:00:00,1,,159 ooo黑羊,Sin,HAO,Dean,布叮咚瓜茶,TEN,,,,,,,
589,"167
256
379
459
357
oxx",063547,,模擬,2024-09-19 00:00:00,2,,,池,午夜,軒,布叮咚瓜茶,Sin,,,,,,,
590,"168
240
369
148
560
ooo",128950,,模擬,2024-09-20 00:00:00,1,,,豬豬,黑羊,池,布叮咚瓜茶,HAO,,,,,,,
591,"178
126
690 3+
269 4+
459
ooo",830725,,模擬,2024-09-20 00:00:00,2,,,布叮咚瓜茶,Sin,HAO,黑羊,黃某人,,,,,,,
592,"470 1+
235
259 3+
679 4+
579
oox",362950,,模擬,2024-09-20 00:00:00,3,,"458黃某人
578HAO",池,TEN,Sin,軒,布叮咚瓜茶,,,,,,,
593,"239 1+
289
369
248
358
oox",204856,,模擬,2024-09-21 00:00:00,1,,,黃某人,HAO,Dean,軒,池,,,,,,,
594,"169
236
370
190 4+
145
ooo",762089,,模擬,2024-09-21 00:00:00,2,,,Sin,HAO,布叮咚瓜茶,ED,池,,,,,,,
595,"126
279
340
579 4+
125
oox",603157,,模擬,2024-09-22 00:00:00,1,,,TEN,HAO,池,軒,小背包,,,,,,,
596,"190
236
368
345
150
oox",973016,,模擬,2024-09-23 00:00:00,1,,,Sin,池,豬豬,軒,ED,,,,,,,
597,"138
236
367
145
159
oox",652731,,模擬,2024-09-24 00:00:00,1,,,池,豬豬,小背包,Sin,HAO,,,,,,,
598,"169
259
347
170 4+
357
ooo",028475,,模擬,2024-09-25 00:00:00,1,,,豬豬,Emma,kevin,ED,池,,,,,,,
599,"169
238
678 3+
459
156
oox",260184,,模擬,2024-09-26 00:00:00,1,,"159 oox軒
569 oox池
156 ooxSin",豬豬,Dean,ED,kevin,黑羊,,,,,,,
600,"168
126
123
890 4+
125
oox",124659,,模擬,2024-09-27 00:00:00,1,,589 ooo軒,黑羊,Dean,豬豬,ED,K810,,,,,,,
601,"169
279
689 3+
247
569
oox",584071,,模擬,2024-09-27 00:00:00,2,,,豬豬,Sin,kevin,布叮咚瓜茶,HAO,,,,,,,
602,"168
690 2+
149 3+
148
158
oox",194086,,模擬,2024-10-01 00:00:00,1,,"590 oxxSin
259 oox軒",池,轆,ED,布叮咚瓜茶,豬豬,,,,,,,
603,"178
129
378
480
156
oox",604812,,模擬,2024-10-08 00:00:00,1,,"157ED
156HAO",Sin,轆,池,軒,豬豬,,,,,,,
604,"128
125
346
467
457
ooo",380964,,模擬,2024-10-09 00:00:00,1,,,Dean,豬豬,?,布叮咚瓜茶,,,,,,,,
605,"129
126
456 3+
145
145
ooo",038972,,模擬,2024-10-15 00:00:00,1,,,黑羊,Sin,池,K810,Dean,,,,,,,
606,"179
127
348
149
145
oox",210358,,模擬,2024-10-17 00:00:00,1,,"157 ooxSin
125 ooxEnRs
459 ooo轆",HAO,豬豬,軒,池,午夜,,,,,,,
607,"127
256
367
149
589
oox",687429,,模擬,2024-10-18 00:00:00,1,,159HAO,豬豬,黑羊,EnRs,Sin,池,,,,,,,
608,"180
267
379
148
158
ooo",392674,,模擬,2024-10-18 00:00:00,2,,580池,軒,Sin,布叮咚瓜茶,EnRs,豬豬,,,,,,,
609,"168
290
137
450
358
oox",923701,,模擬,2024-10-21 00:00:00,1,,150池,豬豬,Sin,HAO,K810,EnRs,,,,,,,
610,"189
237
345
350 4+
358
oox",489107,,模擬,2024-10-21 00:00:00,2,,,軒,EnRs,Sin,HAO,池,,,,,,,
611,"149
179 2+
367
269 4+
356
oox",075896,,模擬,2024-10-22 00:00:00,1,,,EnRs,HAO,布叮咚瓜茶,池,K810,,,,,,,
612,"129
247
169 3+
467
456
ooo",809235,,模擬,2024-10-22 00:00:00,2,,,EnRs,HAO,布叮咚瓜茶,Sin,池,,,,,,,
613,"167
248
389
147
258
oox",726319,,模擬,2024-10-23 00:00:00,1,,,HAO,黑羊,軒,布叮咚瓜茶,池,,,,,,,
614,"179
278
139
456
257
oox",793120,,模擬,2024-10-24 00:00:00,1,,570ED,軒,黑羊,布叮咚瓜茶,豬豬,Sin,,,,,,,
615,"170
238
569 3+
149
356
oox",281637,,模擬,2024-10-29 00:00:00,1,,145軒,黑羊,HAO,池,ED,Sin,,,,,,,
616,"167
269
347
129 4+
359
oox",312750,,模擬,2024-10-30 00:00:00,1,,,池,Sin,黑羊,布叮咚瓜茶,HAO,,,,,,,
617,"170
560 2+
236
590 4+
590
oox",476529,,模擬,2024-11-01 00:00:00,1,,,Sin,HAO,軒,ED,布叮咚瓜茶,,,,,,,
618,"179
237
237
578 4+
567
oox",371086,,模擬,2024-11-04 00:00:00,1,,,HAO,Sin,Emma,黑羊,EnRs,,,,,,,
619,"149
269
368
456
356
oox",368059,,模擬,2024-11-06 00:00:00,1,,356Sin,布叮咚瓜茶,Emma,池,Dean,黑羊,,,,,,,
620,"126
268
349
347
256
oox",827643,,模擬,2024-11-06 00:00:00,2,,"256 oox, 2不出",豬豬,池,黃某人,午夜,黑羊,,,,,,,
621,"129
579 2+
356
458
259
ooo",847026,,模擬,2024-11-07 00:00:00,1,,,K810,HAO,午夜,Sin,布叮咚瓜茶,,,,,,,
622,"470 1+
279
369
147
159
ooo",427093,,模擬,2024-11-08 00:00:00,1,,,HAO,黑羊,布叮咚瓜茶,Sin,ED,,,,,,,
623,"368 1+
257
169 3+
480
568
oox",438176,,模擬,2024-11-09 00:00:00,1,,,布叮咚瓜茶,豬豬,軒,池,ED,,,,,,,
624,"127
126
369
349
589
oox",754029,,模擬,2024-11-10 00:00:00,1,,,軒,豬豬,Sin,布叮咚瓜茶,黑羊,,,,,,,
625,"148
267
369
249
245
oox",814625,,模擬,2024-11-10 00:00:00,2,,,TEN,豬豬,軒,Sin,午夜,,,,,,,
626,"137
560 2+
179 3+
490
450
ooo",637904,,模擬,2024-11-11 00:00:00,1,,,Dean,豬豬,池,Sin,ED,,,,,,,
627,"238 2-1+
269
157 3+
479
357
ooo",890673,,模擬,2024-11-12 00:00:00,1,,"357黑羊
157TEN",HAO,布叮咚瓜茶,Sin,池,軒,,,,,,,
628,"478 1+
245
358
357 4+
259
ooo",647103,,模擬,2024-11-13 00:00:00,1,,,布叮咚瓜茶,Sin,池,HAO,雪怪,,,,,,,
629,"257 1+
270
369
457
356
ooo",124850,,模擬,2024-11-14 00:00:00,1,,,HAO,Sin,Emma,K810,布叮咚瓜茶,,,,,,,
630,"469 1+
268
580 3+
248
258
oox",126539,,模擬,2024-11-14 00:00:00,2,,"豬豬258 oox，5不出
Sin358 oox，5自己出",布叮咚瓜茶,軒,HAO,TEN,豬豬,,,,,,,
631,"146
590 2+
237
469
157
oox",384761,,模擬,2024-11-15 00:00:00,1,,156軒,Sin,豬豬,HAO,布叮咚瓜茶,池,,,,,,,
632,"167
237
390
450
570
oox",716829,,模擬,2024-11-15 00:00:00,2,,350HAO,軒,布叮咚瓜茶,黑羊,豬豬,大鳥,,,,,,,
633,"170
259
378
249
459
oox",942851,,模擬,2024-11-15 00:00:00,3,,"157豬豬
357轆
357ED",HAO,池,軒,Dean,布叮咚瓜茶,,,,,,,
634,"148
459 2+
379
146
145
ooo",378605,,模擬,2024-11-16 00:00:00,1,,,軒,布叮咚瓜茶,HAO,Sin,黑羊,,,,,,,
635,"137
280
370
458
150
oxx",094126,,模擬,2024-11-16 00:00:00,2,,,黑羊,池,軒,布叮咚瓜茶,Dean,,,,,,,
636,"670 1+
246
379
340
570
oox",860954,,模擬,2024-11-17 00:00:00,1,,,HAO,黑羊,池,軒,布叮咚瓜茶,,,,,,,
637,"156
239
370
146
156
ooo",329714,,模擬,2024-11-18 00:00:00,1,,156Dean,HAO,池,Emma,Sin,軒,,,,,,,
638,"147
124
360
170 4+
570
ooo",284671,,模擬,2024-11-18 00:00:00,2,,150池,軒,豬豬,黑羊,HAO,ED,,,,,,,
639,"146
267
349
456
569
oox",439182,,模擬,2024-11-19 00:00:00,1,,,HAO,黑羊,池,Emma,Sin,,,,,,,
640,"168
568 2+
359
357 4+
156
oox",160743,,模擬,2024-11-19 00:00:00,2,,,軒,豬豬,池,HAO,ED,,,,,,,
641,"379 1+
289
347
469
459
oox",439182,,模擬,2024-11-20 00:00:00,1,,,布叮咚瓜茶,池,軒,HAO,Sin,,,,,,,
642,"169
459 2+
137
458 2+
157
oox",954038,,模擬,2024-11-21 00:00:00,1,,"黑羊 459 oox
Sin 459 oox
HAO 258 ooo，2580 ooxx",軒,布叮咚瓜茶,池,豬豬,kevin,,,,,,,
643,"135
167 2+
680 3+
590 4+
157
oox",916278,,模擬,2024-11-21 00:00:00,2,,,Sin,豬豬,軒,HAO,ED,,,,,,,
644,"189
580 2+
348
247
158
oox",803269,,模擬,2024-11-21 00:00:00,3,,,軒,豬豬,池,HAO,黑羊,,,,,,,
645,"258 1+
390 2+
136
247
589
oox",079635,,模擬,2024-11-21 00:00:00,4,,,軒,豬豬,黑羊,Sin,?,,,,,,,
646,"149
238
368
159 4+
459
ooo",870635,,模擬,2024-11-22 00:00:00,1,,"459ED
159Dean",軒,Sin,豬豬,HAO,黑羊,,,,,,,
647,"179
257
235
146
579
oox",487231,,模擬,2024-11-22 00:00:00,2,,"257 oxxSin
357 oox池",HAO,雪怪,Dean,EnRs,軒,,,,,,,
648,"127
170 2+
359
560 4+
456
oox",915860,,模擬,2024-11-23 00:00:00,1,,,軒,池,豬豬,HAO,Sin,,,,,,,
649,"160
124
379
120 4+
156
oox",106987,,模擬,2024-11-26 00:00:00,1,,,HAO,Sin,布叮咚瓜茶,K810,黑羊,,,,,,,
650,"147
480 2+
367
178 4+
258
oox",186403,,模擬,2024-11-26 00:00:00,2,,,黑羊,轆,軒,布叮咚瓜茶,Sin,,,,,,,
651,"146
279
345
459
345
oox",567042,,模擬,2024-11-26 00:00:00,3,,,豬豬,池,Sin,軒,HAO,,,,,,,
652,"149
268
238
456
569
oox",413960,,模擬,2024-11-27 00:00:00,1,,,豬豬,HAO,雪怪,Vash,Dean,,,,,,,
653,"189
238
359
168 4+
456
oox",465031,,模擬,2024-11-27 00:00:00,2,,,軒,池,豬豬,HAO,ED,,,,,,,
654,"379 1+
257
389
149
359
oox",302684,,模擬,2024-11-28 00:00:00,1,,"135 oox軒
579 ooo池",HAO,洋蔥,黑羊,Sin,黃某人,,,,,,,
655,"139
238
379
147
258
ooo",769102,,模擬,2024-11-28 00:00:00,2,,258池,黑羊,豬豬,軒,Sin,ED,,,,,,,
656,"136
290
138
479
158
oox",274819,,模擬,2024-12-02 00:00:00,1,,"590ED
156黑羊",黃某人,Sin,軒,豬豬,池,,,,,,,
657,"179
260
347
580 4+
258
oox",719260,,模擬,2024-12-03 00:00:00,1,,450Sin,Dean,豬豬,布叮咚瓜茶,ED,池,,,,,,,
658,"159
289
357
146
125
oox",745068,,模擬,2024-12-04 00:00:00,1,,258 oox池,軒,Sin,布叮咚瓜茶,黑羊,HAO,,,,,,,
659,"167
230
138
569 4+
156
oox",308194,,模擬,2024-12-05 00:00:00,1,,,軒,Sin,黑羊,HAO,布叮咚瓜茶,,,,,,,
660,"158
269
236
149
256
oox",978641,,模擬,2024-12-06 00:00:00,1,,,池,HAO,EnRs,軒,ED,,,,,,,
661,"269 1+
267
380
458
256
oox",457902,,模擬,2024-12-08 00:00:00,1,,259 oxx洋蔥,軒,布叮咚瓜茶,Sin,池,ED,,,,,,,
662,"470 1+
147 2+
137
248
145
oxx",810469,,模擬,2024-12-10 00:00:00,1,,,池,豬豬,EnRs,Sin,Dean,,,,,,,
663,"156
269
135
489
135
ooo",279508,,模擬,2024-12-11 00:00:00,1,,第一局不出,Dean,池,豬豬,kevin,Sin,,,,,,,
664,"167
470 2+
139
490
570
oox",078396,,模擬,2024-12-12 00:00:00,1,,"590 ooxED
250 oox池",布叮咚瓜茶,HAO,Sin,洋蔥,軒,,,,,,,
665,"189
269
378
147
357
ooo",621903,,模擬,2024-12-13 00:00:00,1,,,HAO,布叮咚瓜茶,池,軒,Sin,,,,,,,
666,"247 1+
249
136
489
356
oox",069732,,模擬,2024-12-17 00:00:00,1,,,HAO,黑羊,池,布叮咚瓜茶,Sin,,,,,,,
667,"178
289
137
569 4+
259
oox",942013,,模擬,2024-12-17 00:00:00,2,,,Sin,黃某人,布叮咚瓜茶,HAO,軒,,,,,,,
668,"169
289 1+
356
345
159
oox",829610,,模擬,2024-12-18 00:00:00,1,,258 oxxVash,HAO,布叮咚瓜茶,洋蔥,Sin,黑羊,,,,,,,
669,"156
129
349
479
359
oox",395817,,模擬,2024-12-19 00:00:00,1,,,黑羊,軒,HAO,Sin,kevin,,,,,,,
670,"169
279
356
257 4+
245
ooo",613824,,模擬,2024-12-20 00:00:00,1,,,布叮咚瓜茶,池,EnRs,HAO,Sin,,,,,,,
671,"167
280
135
456
156
oox",386147,,模擬,2024-12-24 00:00:00,1,,[1-5]1不出,布叮咚瓜茶,HAO,池,Vash,Sin,,,,,,,
672,"147
458 2+
368
459
258
oox",806941,,模擬,2024-12-25 00:00:00,1,,,池,黑羊,黃某人,HAO,Sin,,,,,,,
673,"160
345 2+
345
247
245
oox",894671,,模擬,2024-12-27 00:00:00,1,,,Sin,HAO,池,黃某人,軒,,,,,,,
674,"128
268
369
245
245
oxx",958437,,模擬,2024-12-30 00:00:00,1,,,Sin,池,黃某人,HAO,黑羊,,,,,,,
675,"167
270
379
457
567
oox",136904,,模擬,2024-12-30 00:00:00,2,,"157 ooxSin
250 ooo軒
578 ooo憲",布叮咚瓜茶,黑羊,黃某人,豬豬,池,,,,,,,
676,"148
269
367
490
159
ooo",624379,,模擬,2024-12-31 00:00:00,1,,,布叮咚瓜茶,HAO,Sin,kevin,Dean,,,,,,,
677,"167
248
345
670 4+
258
oox",319874,,模擬,2025-01-03 00:00:00,1,,"567布叮咚瓜茶
450憲",Sin,黑羊,池,Dean,軒,,,,,,,
678,"168
246
347
156 4+
145
oox",625890,,模擬,2025-01-06 00:00:00,1,,,HAO,Sin,布叮咚瓜茶,池,憲,,,,,,,
679,"178
369 2+
239
457
369
oxx",326941,,模擬,2025-01-07 00:00:00,1,,157雪怪,軒,豬豬,Sin,布叮咚瓜茶,ED,,,,,,,
680,"123
268
389
245
245
oox",268103,,模擬,2025-01-09 00:00:00,1,,,憲,HAO,布叮咚瓜茶,黑羊,Sin,,,,,,,
681,"360 1+
278
389
267 4+
456
oox",473519,,模擬,2025-01-10 00:00:00,1,,"150 ooo池
589 oox軒",豬豬,布叮咚瓜茶,Cameron,黑羊,HAO,,,,,,,
682,"147
258
367
346
157
ooo",648972,,模擬,2025-01-10 00:00:00,2,,,池,豬豬,軒,布叮咚瓜茶,?,,,,,,,
683,"259 1+
236
360
347
350
ooo",719605,,模擬,2025-01-13 00:00:00,1,,,HAO,Sin,池,軒,布叮咚瓜茶,,,,,,,
684,"369 1+
289
346
479
459
oxx",184590,,模擬,2025-01-14 00:00:00,1,,,ED,池,Vash,布叮咚瓜茶,Sin,,,,,,,
685,"147
126
179 3+
256 4+
245
oox",346718,,模擬,2025-01-15 00:00:00,1,,159ED,軒,黑羊,HAO,豬豬,Sin,,,,,,,
686,"148
268
135
347
158
oox",168934,,模擬,2025-01-16 00:00:00,1,,,Vash,池,Dean,黑羊,軒,,,,,,,
687,"178
258
350
167 4+
457
oox",179682,,模擬,2025-02-18 00:00:00,1,,,池,洋蔥,憲,ED,Sin,,,,,,,
688,"139
260
349
359 4+
159
ooo",437208,,模擬,2025-02-19 00:00:00,1,,,Dean,豬豬,布叮咚瓜茶,池,Sin,,,,,,,
689,"236 1+
267
368
469
256
oox",402856,,模擬,2025-02-20 00:00:00,1,,,HAO,Sin,布叮咚瓜茶,池,Dean,,,,,,,
690,"359 1+
289
368
469
159
oox",829645,,模擬,2025-02-21 00:00:00,1,,,轆,HAO,黑羊,Dean,Sin,,,,,,,
691,"169
360 2+
230
147
350
oox",547809,,模擬,2025-02-25 00:00:00,1,,,HAO,池,Sin,洋蔥,布叮咚瓜茶,,,,,,,
692,"167
279
357
249
579
oox",853602,,模擬,2025-03-10 00:00:00,1,,,HAO,池,憲,Sin,布叮咚瓜茶,,,,,,,
693,"169
280
250 3+
457
156
oox",308659,,模擬,2025-03-12 00:00:00,1,,,布叮咚瓜茶,池,HAO,Dean,ED,,,,,,,
694,"189
279
139
267 4+
159
ooo",063482,,模擬,2025-03-13 00:00:00,1,,,HAO,池,Dean,黑羊,Sin,,,,,,,
695,"149
267
234
456
256
oox",627348,,模擬,2025-03-14 00:00:00,1,,,HAO,Dean,池,憲,布叮咚瓜茶
696,"270 1+
128
237
249
257
oxx",504782,,模擬,2025-03-17 00:00:00,1,,,HAO,池,憲,Dean,Sin
697,"127
238
236
590 4+
235
oox",193562,,模擬,2025-03-18 00:00:00,1,,"235 oox, 5家有出, 3家不出",Dean,HAO,憲,池,K810
698,"189
259
368
249
358
oxx",463852,,模擬,2025-03-18 00:00:00,2,,259ED,Sin,池,豬豬,憲,布叮咚瓜茶
699,"167
239
135
478
578
oox",896437,,模擬,2025-03-20 00:00:00,1,,"457 ooxSin
157 oooDean",Cameron,HAO,池,布叮咚瓜茶,Vash
700,"148
457 2+
137
145
157
oox",589473,,模擬,2025-03-24 00:00:00,1,,,Cameron,HAO,Dean,池,Sin
701,"160
249
136
147
450
oox",860192,,模擬,2025-03-28 00:00:00,1,,,豬豬,Sin,發達,HAO,Dean
702,"169
357 2+
378
458
158
oox",328645,,模擬,2025-04-09 00:00:00,1,,,Sin,HAO,Emma,K810,黑羊
703,"146
269
390
348
579
oox",325061,,模擬,2025-04-11 00:00:00,1,,,HAO,黑羊,Sin,Emma,真心
704,"138
239
368
478
350
ooo",635104,,模擬,2025-04-16 00:00:00,1,,,黑羊,轆,Sin,豬豬,HAO
705,"178
247
230
249
259
ooo",125689,,模擬,2025-04-17 00:00:00,1,,,Cameron,豬豬,黑羊,Sin,轆
706,"138
269
379
569 4+
256
oox",496875,,模擬,2025-04-18 00:00:00,1,,,Cameron,軒,黑羊,HAO,Sin
707,"148
258
349
147
145
oxx",192480,,模擬,2025-04-23 00:00:00,1,,,Cameron,黑羊,軒,HAO,Emma
708,"168
290 3+
290 3+
478
256
oox",279351,,模擬,2025-04-25 00:00:00,1,,,HAO,Sin,豬豬,Emma,發達
709,"170
278
367
146
156
ooo",287163,,模擬,2025-04-26 00:00:00,1,,,黑羊,Emma,豬豬,Sin,?
710,"179
245
356
260 4+
450
oox",643179,,模擬,2025-07-08 00:00:00,1,,,黑羊,HAO,豬豬,Sin,Dean
711,"157
278
139
146
156
oox",981345,,模擬,2025-07-14 00:00:00,1,,156 oox池,黑羊,豬豬,轆,HAO,Sin
712,"145
247
158 3+
458
358
oxx",360872,,模擬,2025-07-15 00:00:00,1,,,豬豬,軒,HAO,Dean,黑羊
713,"169
127
370
246
250
oox",127396,,模擬,2025-07-17 00:00:00,1,,,豬豬,Dean,軒,池,HAO
714,"680 1+
248
247 4-3+
458
245
ooo",763190,,模擬,2025-07-18 00:00:00,1,,458 ooo池,HAO,Dean,豬豬,ED,Sin
715,"135
259
358
560 4+
456
oox",368297,,模擬,2025-07-23 00:00:00,1,,"125 ooxSin
567 oox池
450 oooED",豬豬,軒,憲,尼克,HAO
716,"126
260
390
468
156
oxx",468107,,模擬,2025-08-19 00:00:00,1,,,HAO,池,Sin,Dean,亞可
717,"179
125
347
490
125
oxx",168243,,模擬,2025-08-29 00:00:00,1,,,HAO,池,黑羊,亞可,Sin
718,"158
290
138
470
158
oox",641923,,模擬,2025-09-02 00:00:00,1,,,HAO,Sin,豬豬,亞可,真心
,,,,模擬,,,,,,,,,
,,,,模擬,,,,,,,,,
,,,,,,,,,,,,,
,,,,,,,,,,,,,
,,,,,,,,,,,,,
,,,,,,,,,,,,,
,,,,,,,,,,,,,
,,,,,,,,,,,,,
,,,,,,,,,,,,,
,,,,,,,,,,,,,
,,,,,,,,,,,,,
,,,,,,,,,,,,,
,,,,,,,,,,,,,
,,,,,,,,,,,,,
,,,,,,,,,,,,,
,,,,,,,,,,,,,
,,,,,,,,,,,,,
,,,,,,,,,,,,,
,,,,,,,,,,,,,
,,,,,,,,,,,,,
,,,,,,,,,,,,,
,,,,,,,,,,,,,
,,,,,,,,,,,,,
,,,,,,,,,,,,,
,,,,,,,,,,,,,
,,,,,,,,,,,,,
,,,,,,,,,,,,,
,,,,,,,,,,,,,
,,,,,,,,,,,,,
,,,,,,,,,,,,,
,,,,,,,,,,,,,
,,,,,,,,,,,,,
,,,,,,,,,,,,,
,,,,,,,,,,,,,
,,,,,,,,,,,,,
,,,,,,,,,,,,,
,,,,,,,,,,,,,
,,,,,,,,,,,,,
,,,,,,,,,,,,,
,,,,,,,,,,,,,
,,,,,,,,,,,,,
,,,,,,,,,,,,,
,,,,,,,,,,,,,
,,,,,,,,,,,,,
,,,,,,,,,,,,,
,,,,,,,,,,,,,
,,,,,,,,,,,,,
,,,,,,,,,,,,,
,,,,,,,,,,,,,
,,,,,,,,,,,,,
,,,,,,,,,,,,,
,,,,,,,,,,,,,
,,,,,,,,,,,,,
,,,,,,,,,,,,,
,,,,,,,,,,,,,
,,,,,,,,,,,,,
,,,,,,,,,,,,,
,,,,,,,,,,,,,
,,,,,,,,,,,,,
,,,,,,,,,,,,,
,,,,,,,,,,,,,
,,,,,,,,,,,,,
,,,,,,,,,,,,,
,,,,,,,,,,,,,
,,,,,,,,,,,,,
,,,,,,,,,,,,,
,,,,,,,,,,,,,
,,,,,,,,,,,,,
,,,,,,,,,,,,,
,,,,,,,,,,,,,
,,,,,,,,,,,,,
,,,,,,,,,,,,,
,,,,,,,,,,,,,
,,,,,,,,,,,,,
,,,,,,,,,,,,,
,,,,,,,,,,,,,
,,,,,,,,,,,,,
,,,,,,,,,,,,,
,,,,,,,,,,,,,
,,,,,,,,,,,,,
,,,,,,,,,,,,,
,,,,,,,,,,,,,
,,,,,,,,,,,,,
,,,,,,,,,,,,,
,,,,,,,,,,,,,
,,,,,,,,,,,,,
,,,,,,,,,,,,,
,,,,,,,,,,,,,
,,,,,,,,,,,,,
,,,,,,,,,,,,,
,,,,,,,,,,,,,
,,,,,,,,,,,,,
,,,,,,,,,,,,,
,,,,,,,,,,,,,
,,,,,,,,,,,,,
,,,,,,,,,,,,,
,,,,,,,,,,,,,
,,,,,,,,,,,,,
,,,,,,,,,,,,,
,,,,,,,,,,,,,
,,,,,,,,,,,,,
,,,,,,,,,,,,,
,,,,,,,,,,,,,
,,,,,,,,,,,,,
,,,,,,,,,,,,,
,,,,,,,,,,,,,
,,,,,,,,,,,,,
,,,,,,,,,,,,,
,,,,,,,,,,,,,
,,,,,,,,,,,,,
,,,,,,,,,,,,,
,,,,,,,,,,,,,
,,,,,,,,,,,,,
,,,,,,,,,,,,,
,,,,,,,,,,,,,
,,,,,,,,,,,,,
,,,,,,,,,,,,,
,,,,,,,,,,,,,
,,,,,,,,,,,,,
,,,,,,,,,,,,,
,,,,,,,,,,,,,
,,,,,,,,,,,,,
,,,,,,,,,,,,,
,,,,,,,,,,,,,
,,,,,,,,,,,,,
,,,,,,,,,,,,,
,,,,,,,,,,,,,
,,,,,,,,,,,,,
,,,,,,,,,,,,,
,,,,,,,,,,,,,
,,,,,,,,,,,,,
,,,,,,,,,,,,,
,,,,,,,,,,,,,
,,,,,,,,,,,,,
,,,,,,,,,,,,,
,,,,,,,,,,,,,
,,,,,,,,,,,,,
,,,,,,,,,,,,,
,,,,,,,,,,,,,
,,,,,,,,,,,,,
,,,,,,,,,,,,,
,,,,,,,,,,,,,
,,,,,,,,,,,,,
,,,,,,,,,,,,,
,,,,,,,,,,,,,
,,,,,,,,,,,,,
,,,,,,,,,,,,,
,,,,,,,,,,,,,
,,,,,,,,,,,,,
,,,,,,,,,,,,,
,,,,,,,,,,,,,
,,,,,,,,,,,,,
,,,,,,,,,,,,,
,,,,,,,,,,,,,
,,,,,,,,,,,,,
,,,,,,,,,,,,,
,,,,,,,,,,,,,
,,,,,,,,,,,,,
,,,,,,,,,,,,,
,,,,,,,,,,,,,
,,,,,,,,,,,,,
,,,,,,,,,,,,,
,,,,,,,,,,,,,
,,,,,,,,,,,,,
,,,,,,,,,,,,,
,,,,,,,,,,,,,
,,,,,,,,,,,,,
,,,,,,,,,,,,,
,,,,,,,,,,,,,
,,,,,,,,,,,,,
,,,,,,,,,,,,,
,,,,,,,,,,,,,
,,,,,,,,,,,,,
,,,,,,,,,,,,,
,,,,,,,,,,,,,
,,,,,,,,,,,,,
,,,,,,,,,,,,,
,,,,,,,,,,,,,
,,,,,,,,,,,,,
,,,,,,,,,,,,,
,,,,,,,,,,,,,
,,,,,,,,,,,,,
,,,,,,,,,,,,,
,,,,,,,,,,,,,
,,,,,,,,,,,,,
,,,,,,,,,,,,,
,,,,,,,,,,,,,
,,,,,,,,,,,,,
,,,,,,,,,,,,,
,,,,,,,,,,,,,
,,,,,,,,,,,,,
,,,,,,,,,,,,,
,,,,,,,,,,,,,
,,,,,,,,,,,,,
,,,,,,,,,,,,,
,,,,,,,,,,,,,
,,,,,,,,,,,,,
,,,,,,,,,,,,,
,,,,,,,,,,,,,
,,,,,,,,,,,,,
,,,,,,,,,,,,,
,,,,,,,,,,,,,
,,,,,,,,,,,,,
,,,,,,,,,,,,,
,,,,,,,,,,,,,
,,,,,,,,,,,,,
,,,,,,,,,,,,,
,,,,,,,,,,,,,
,,,,,,,,,,,,,
,,,,,,,,,,,,,
,,,,,,,,,,,,,
,,,,,,,,,,,,,
,,,,,,,,,,,,,
,,,,,,,,,,,,,
,,,,,,,,,,,,,
,,,,,,,,,,,,,
,,,,,,,,,,,,,
,,,,,,,,,,,,,
,,,,,,,,,,,,,
,,,,,,,,,,,,,
,,,,,,,,,,,,,
,,,,,,,,,,,,,
,,,,,,,,,,,,,
,,,,,,,,,,,,,
,,,,,,,,,,,,,
,,,,,,,,,,,,,
,,,,,,,,,,,,,
,,,,,,,,,,,,,
,,,,,,,,,,,,,
,,,,,,,,,,,,,
,,,,,,,,,,,,,
,,,,,,,,,,,,,
,,,,,,,,,,,,,
,,,,,,,,,,,,,
,,,,,,,,,,,,,
,,,,,,,,,,,,,
,,,,,,,,,,,,,
,,,,,,,,,,,,,
,,,,,,,,,,,,,
,,,,,,,,,,,,,
,,,,,,,,,,,,,
,,,,,,,,,,,,,
,,,,,,,,,,,,,
,,,,,,,,,,,,,
,,,,,,,,,,,,,
,,,,,,,,,,,,,
,,,,,,,,,,,,,
,,,,,,,,,,,,,
,,,,,,,,,,,,,
,,,,,,,,,,,,,
,,,,,,,,,,,,,
,,,,,,,,,,,,,
,,,,,,,,,,,,,
,,,,,,,,,,,,,
,,,,,,,,,,,,,
,,,,,,,,,,,,,
,,,,,,,,,,,,,
,,,,,,,,,,,,,
,,,,,,,,,,,,,
,,,,,,,,,,,,,
,,,,,,,,,,,,,
,,,,,,,,,,,,,
,,,,,,,,,,,,,
,,,,,,,,,,,,,
,,,,,,,,,,,,,
,,,,,,,,,,,,,
,,,,,,,,,,,,,
,,,,,,,,,,,,,
,,,,,,,,,,,,,
,,,,,,,,,,,,,
,,,,,,,,,,,,,
,,,,,,,,,,,,,
,,,,,,,,,,,,,
,,,,,,,,,,,,,
,,,,,,,,,,,,,
,,,,,,,,,,,,,
,,,,,,,,,,,,,
,,,,,,,,,,,,,
,,,,,,,,,,,,,
,,,,,,,,,,,,,
,,,,,,,,,,,,,
,,,,,,,,,,,,,
,,,,,,,,,,,,,
,,,,,,,,,,,,,
,,,,,,,,,,,,,
,,,,,,,,,,,,,
,,,,,,,,,,,,,
,,,,,,,,,,,,,
,,,,,,,,,,,,,
,,,,,,,,,,,,,
,,,,,,,,,,,,,
,,,,,,,,,,,,,
,,,,,,,,,,,,,
,,,,,,,,,,,,,
,,,,,,,,,,,,,
,,,,,,,,,,,,,
,,,,,,,,,,,,,
,,,,,,,,,,,,,
,,,,,,,,,,,,,
,,,,,,,,,,,,,
,,,,,,,,,,,,,
,,,,,,,,,,,,,
,,,,,,,,,,,,,
,,,,,,,,,,,,,
,,,,,,,,,,,,,
,,,,,,,,,,,,,
,,,,,,,,,,,,,
,,,,,,,,,,,,,
,,,,,,,,,,,,,
,,,,,,,,,,,,,
,,,,,,,,,,,,,
,,,,,,,,,,,,,
,,,,,,,,,,,,,
,,,,,,,,,,,,,
,,,,,,,,,,,,,
,,,,,,,,,,,,,
,,,,,,,,,,,,,
,,,,,,,,,,,,,
,,,,,,,,,,,,,
,,,,,,,,,,,,,
,,,,,,,,,,,,,
,,,,,,,,,,,,,
,,,,,,,,,,,,,
,,,,,,,,,,,,,
,,,,,,,,,,,,,
,,,,,,,,,,,,,
,,,,,,,,,,,,,
,,,,,,,,,,,,,
,,,,,,,,,,,,,
,,,,,,,,,,,,,
,,,,,,,,,,,,,
,,,,,,,,,,,,,
,,,,,,,,,,,,,
,,,,,,,,,,,,,
,,,,,,,,,,,,,
,,,,,,,,,,,,,
,,,,,,,,,,,,,
,,,,,,,,,,,,,
,,,,,,,,,,,,,
,,,,,,,,,,,,,
,,,,,,,,,,,,,
,,,,,,,,,,,,,
,,,,,,,,,,,,,
,,,,,,,,,,,,,
,,,,,,,,,,,,,
,,,,,,,,,,,,,
,,,,,,,,,,,,,
,,,,,,,,,,,,,
,,,,,,,,,,,,,
,,,,,,,,,,,,,
,,,,,,,,,,,,,
,,,,,,,,,,,,,
,,,,,,,,,,,,,
,,,,,,,,,,,,,
,,,,,,,,,,,,,
,,,,,,,,,,,,,
,,,,,,,,,,,,,
,,,,,,,,,,,,,
,,,,,,,,,,,,,
,,,,,,,,,,,,,
,,,,,,,,,,,,,
,,,,,,,,,,,,,
,,,,,,,,,,,,,
,,,,,,,,,,,,,
,,,,,,,,,,,,,
,,,,,,,,,,,,,
,,,,,,,,,,,,,
,,,,,,,,,,,,,
,,,,,,,,,,,,,
,,,,,,,,,,,,,
,,,,,,,,,,,,,
,,,,,,,,,,,,,
,,,,,,,,,,,,,
,,,,,,,,,,,,,
,,,,,,,,,,,,,
,,,,,,,,,,,,,
,,,,,,,,,,,,,
,,,,,,,,,,,,,
,,,,,,,,,,,,,
,,,,,,,,,,,,,
,,,,,,,,,,,,,
,,,,,,,,,,,,,
,,,,,,,,,,,,,
,,,,,,,,,,,,,
,,,,,,,,,,,,,
,,,,,,,,,,,,,
,,,,,,,,,,,,,
,,,,,,,,,,,,,
,,,,,,,,,,,,,
,,,,,,,,,,,,,
,,,,,,,,,,,,,
,,,,,,,,,,,,,
,,,,,,,,,,,,,
,,,,,,,,,,,,,
,,,,,,,,,,,,,
,,,,,,,,,,,,,
,,,,,,,,,,,,,
,,,,,,,,,,,,,
,,,,,,,,,,,,,
,,,,,,,,,,,,,
,,,,,,,,,,,,,
,,,,,,,,,,,,,
,,,,,,,,,,,,,
,,,,,,,,,,,,,
,,,,,,,,,,,,,
,,,,,,,,,,,,,
,,,,,,,,,,,,,
,,,,,,,,,,,,,
,,,,,,,,,,,,,
,,,,,,,,,,,,,
,,,,,,,,,,,,,
,,,,,,,,,,,,,
,,,,,,,,,,,,,
,,,,,,,,,,,,,
,,,,,,,,,,,,,
,,,,,,,,,,,,,
,,,,,,,,,,,,,
,,,,,,,,,,,,,
,,,,,,,,,,,,,
,,,,,,,,,,,,,
,,,,,,,,,,,,,
,,,,,,,,,,,,,
,,,,,,,,,,,,,
,,,,,,,,,,,,,
,,,,,,,,,,,,,
,,,,,,,,,,,,,
,,,,,,,,,,,,,
,,,,,,,,,,,,,
,,,,,,,,,,,,,
,,,,,,,,,,,,,
,,,,,,,,,,,,,
,,,,,,,,,,,,,
,,,,,,,,,,,,,
,,,,,,,,,,,,,
,,,,,,,,,,,,,
,,,,,,,,,,,,,
,,,,,,,,,,,,,
,,,,,,,,,,,,,
,,,,,,,,,,,,,
,,,,,,,,,,,,,
,,,,,,,,,,,,,
,,,,,,,,,,,,,
,,,,,,,,,,,,,
,,,,,,,,,,,,,
,,,,,,,,,,,,,
,,,,,,,,,,,,,
,,,,,,,,,,,,,
,,,,,,,,,,,,,
,,,,,,,,,,,,,
,,,,,,,,,,,,,
,,,,,,,,,,,,,
,,,,,,,,,,,,,
,,,,,,,,,,,,,
,,,,,,,,,,,,,
,,,,,,,,,,,,,
,,,,,,,,,,,,,
,,,,,,,,,,,,,
,,,,,,,,,,,,,
,,,,,,,,,,,,,
,,,,,,,,,,,,,
,,,,,,,,,,,,,
,,,,,,,,,,,,,
,,,,,,,,,,,,,
,,,,,,,,,,,,,
,,,,,,,,,,,,,
,,,,,,,,,,,,,
,,,,,,,,,,,,,
,,,,,,,,,,,,,
,,,,,,,,,,,,,
,,,,,,,,,,,,,
,,,,,,,,,,,,,
,,,,,,,,,,,,,
,,,,,,,,,,,,,
,,,,,,,,,,,,,
,,,,,,,,,,,,,
,,,,,,,,,,,,,
,,,,,,,,,,,,,
,,,,,,,,,,,,,
,,,,,,,,,,,,,
,,,,,,,,,,,,,
,,,,,,,,,,,,,
,,,,,,,,,,,,,
,,,,,,,,,,,,,
,,,,,,,,,,,,,
,,,,,,,,,,,,,
,,,,,,,,,,,,,
,,,,,,,,,,,,,
,,,,,,,,,,,,,
,,,,,,,,,,,,,
,,,,,,,,,,,,,
,,,,,,,,,,,,,
,,,,,,,,,,,,,
,,,,,,,,,,,,,
,,,,,,,,,,,,,
,,,,,,,,,,,,,
,,,,,,,,,,,,,
,,,,,,,,,,,,,
,,,,,,,,,,,,,
,,,,,,,,,,,,,
,,,,,,,,,,,,,
,,,,,,,,,,,,,
,,,,,,,,,,,,,
,,,,,,,,,,,,,
,,,,,,,,,,,,,
,,,,,,,,,,,,,
,,,,,,,,,,,,,
,,,,,,,,,,,,,
,,,,,,,,,,,,,
,,,,,,,,,,,,,
,,,,,,,,,,,,,
,,,,,,,,,,,,,
,,,,,,,,,,,,,
,,,,,,,,,,,,,
,,,,,,,,,,,,,
,,,,,,,,,,,,,
,,,,,,,,,,,,,
,,,,,,,,,,,,,
,,,,,,,,,,,,,
,,,,,,,,,,,,,
,,,,,,,,,,,,,
,,,,,,,,,,,,,
,,,,,,,,,,,,,
,,,,,,,,,,,,,
,,,,,,,,,,,,,
,,,,,,,,,,,,,
,,,,,,,,,,,,,
,,,,,,,,,,,,,
,,,,,,,,,,,,,
,,,,,,,,,,,,,
,,,,,,,,,,,,,
,,,,,,,,,,,,,
,,,,,,,,,,,,,
,,,,,,,,,,,,,
,,,,,,,,,,,,,
,,,,,,,,,,,,,
,,,,,,,,,,,,,
,,,,,,,,,,,,,
,,,,,,,,,,,,,
,,,,,,,,,,,,,
,,,,,,,,,,,,,
,,,,,,,,,,,,,
,,,,,,,,,,,,,
,,,,,,,,,,,,,
,,,,,,,,,,,,,
,,,,,,,,,,,,,
,,,,,,,,,,,,,
,,,,,,,,,,,,,
,,,,,,,,,,,,,
,,,,,,,,,,,,,
,,,,,,,,,,,,,
,,,,,,,,,,,,,
,,,,,,,,,,,,,
,,,,,,,,,,,,,
,,,,,,,,,,,,,
,,,,,,,,,,,,,
,,,,,,,,,,,,,
,,,,,,,,,,,,,
,,,,,,,,,,,,,
,,,,,,,,,,,,,
,,,,,,,,,,,,,
,,,,,,,,,,,,,
,,,,,,,,,,,,,
,,,,,,,,,,,,,
,,,,,,,,,,,,,
,,,,,,,,,,,,,
,,,,,,,,,,,,,
,,,,,,,,,,,,,
,,,,,,,,,,,,,
,,,,,,,,,,,,,
,,,,,,,,,,,,,
,,,,,,,,,,,,,
,,,,,,,,,,,,,
,,,,,,,,,,,,,
